,name,x1,c,mass,x1_err,c_err,mass_err,set
0,2004ef,-1.40758,0.089116,10.992,0.025395,0.0178695,0.049,lowz
1,2006et,0.7634,0.1458,10.945,0.0377284,0.0171307,3.211,lowz
2,2006ev,-1.30549,0.0885855,10.861,0.0497954,0.0206482,3.686,lowz
3,2006ef,-1.40195,-0.0268436,10.564,0.0660148,0.0212587,0.102,lowz
4,2005lu,0.9907,0.164,10.113,0.1168,0.0229128,4.474,lowz
5,2006ob,-2.07372,-0.0193286,11.742,0.0749476,0.019185,0.048,lowz
6,2008hv,-1.32541,-0.0761425,10.637,0.0315469,0.0168142,0.188,lowz
7,2005iq,-1.1011,-0.0949276,10.6001,0.0464372,0.0169138,0.2809,lowz
8,2007nq,-1.86501,-0.0389598,11.906,0.0552755,0.0185476,0.066,lowz
9,2005M,1.258,-0.015524,10.232,0.0359706,0.0193452,0.034,lowz
11,2007ca,0.5771,0.2283,9.506,0.0366099,0.0168178,4.356,lowz
12,2006hb,-2.23306,-0.00837038,10.913,0.0667984,0.0244939,2.886,lowz
13,2005ki,-1.50493,-0.0791302,10.939,0.0323757,0.0177585,0.185,lowz
14,2007A,0.4436,0.1113,10.832,0.1043,0.0182497,0.151,lowz
15,2005hc,0.7227,-0.0308167,10.61,0.0467804,0.0169143,0.161,lowz
16,2006kf,-2.08183,-0.0456078,10.984,0.0509436,0.0211938,0.449,lowz
17,2005eq,1.3445,0.00791823,10.956,0.0487242,0.0169932,0.478,lowz
18,2001ah,1.4195,-0.0314318,11.141,0.7534,0.0291854,0.02,lowz
19,2001az,1.0762,-0.0681408,11.376,0.4583,0.0287477,0.059,lowz
20,2001en,-1.12468,0.0547824,11.133,0.0816666,0.0276937,0.078,lowz
21,2001fe,0.6159,-0.0202614,10.277,0.0933891,0.0259899,0.095,lowz
22,2001G,0.214,-0.0299857,10.499,0.3008,0.0345007,0.048,lowz
24,2002bf,-2.29625,-0.0960311,10.741,0.3183,0.0937362,0.031,lowz
25,2002bz,-1.18007,-0.111829,10.984,0.2364,0.0463365,0.118,lowz
26,2002ck,0.1334,-0.0279269,10.976,0.0892391,0.0273944,0.143,lowz
27,2002de,0.4576,0.1147,10.661,0.3451,0.026787,0.154,lowz
28,2002dp,-0.279293,0.0954569,10.567,0.2288,0.0286665,0.486,lowz
29,2002G,-1.52225,0.2214,10.941,0.4325,0.0411583,0.021,lowz
30,2002ha,-1.37607,-0.0503572,11.072,0.0773618,0.0281634,0.452,lowz
31,2002hd,-0.455008,-0.0187258,11.878,0.2124,0.0300717,2.668,lowz
32,2002he,-1.83245,-0.0299968,10.867,0.1878,0.0334149,3.559,lowz
33,2002hu,0.3405,-0.0736621,10.099,0.0946241,0.0257505,4.71,lowz
34,2002jy,0.8655,-0.0176726,10.719,0.1067,0.0262313,0.415,lowz
35,2002kf,-1.15154,-0.0325489,9.574,0.0749908,0.0274699,4.611,lowz
36,2003ai,0.5396,0.0255082,8.132,0.2479,0.0455418,2.538,lowz
37,2003ch,-1.30446,-0.0158611,10.632,0.1585,0.0278986,3.794,lowz
38,2003fa,1.5117,-0.0310333,10.552,0.1002,0.0256943,4.257,lowz
39,2003ic,-1.75296,-0.0195594,11.905,0.2493,0.0376112,0.462,lowz
40,2003it,-1.59555,0.0457913,11.267,0.1669,0.0310282,0.026,lowz
41,2003iv,-2.10555,-0.0591412,10.816,0.1909,0.0311677,3.872,lowz
42,2003U,-2.13125,-0.0233119,10.654,0.3283,0.0333388,0.041,lowz
43,2004as,0.4069,0.0331216,9.371,0.1443,0.0279659,0.06,lowz
44,2005hf,-1.92773,-0.0644424,11.182,0.1963,0.0472869,0.017,lowz
45,2005lz,-1.38512,0.0812842,11.301,0.1368,0.029151,3.553,lowz
46,2005ms,0.4172,-0.030588,10.679,0.0801213,0.0262766,0.102,lowz
47,2006ac,-1.0304,0.0476424,10.984,0.0689878,0.0261775,0.098,lowz
48,2006ak,-1.26021,0.0292355,11.204,0.1433,0.0401319,0.058,lowz
49,2006al,-1.4016,-0.0915479,10.223,0.2941,0.0363641,0.01,lowz
50,2006bw,-1.94826,0.1347,10.36,0.1566,0.0522466,0.132,lowz
51,2006cp,0.3595,0.0813581,10.183,0.0801046,0.0272173,0.352,lowz
52,2006cq,-0.0825321,0.0150916,11.178,0.5226,0.029022,0.401,lowz
53,2006gr,0.8092,0.0945489,11.005,0.0720678,0.0263971,0.432,lowz
54,2006mo,-2.16742,0.0478167,11.022,0.1172,0.0305873,0.471,lowz
55,2006mp,0.9119,0.0254065,9.5,0.1532,0.0267751,4.853,lowz
56,2006N,-2.06218,-0.0256507,10.544,0.0655083,0.0269577,0.437,lowz
57,2006oa,1.2708,0.00903885,9.156,0.2487,0.028802,0.115,lowz
58,2006on,0.9575,0.1092,10.292,0.7431,0.045617,0.014,lowz
59,2006qo,0.3906,0.195,9.481,0.0629549,0.0269554,0.029,lowz
60,2006sr,-1.42483,0.010079,10.757,0.1175,0.0283909,0.05,lowz
61,2006td,-1.40706,0.1182,9.343,0.1115,0.0271806,4.691,lowz
62,2006te,-0.131635,-0.0555225,10.576,0.1043,0.0299883,0.076,lowz
63,2007ae,1.6351,0.00999916,11.047,0.2916,0.0309166,3.812,lowz
64,2007ap,-1.74053,-0.0618551,10.414,0.0749962,0.0298759,0.088,lowz
65,2007co,-0.220116,0.0829298,10.366,0.0647617,0.0263514,3.818,lowz
66,2007cq,-0.320022,-0.0222404,10.085,0.1398,0.026237,0.139,lowz
67,2007F,0.5366,-0.0398979,10.084,0.0424713,0.025665,0.473,lowz
68,2007O,-0.565812,-0.017638,10.988,0.1076,0.0295779,0.031,lowz
69,2007R,-1.49436,-0.0611937,11.181,0.1073,0.0314636,0.026,lowz
70,2008af,-1.56416,0.0147727,11.383,0.1411,0.0322404,0.436,lowz
71,2008bf,0.3072,-0.0208949,11.166,0.0716092,0.0259393,2.95,lowz
72,2008L,-1.68219,-0.0932866,10.672,0.1028,0.0338398,0.446,lowz
73,2007aj,-0.396829,-0.0574533,7.014,0.095475,0.0309706,0.26,lowz
74,2007fb,-1.56186,-0.0854027,10.272,0.204,0.030852,3.866,lowz
75,2007hu,-1.3273,0.2285,11.689,0.5239,0.0715528,0.026,lowz
76,2007is,-0.411216,0.037403,10.735,0.1839,0.0315026,0.067,lowz
77,2007kd,0.6588,0.1887,9.61,0.6125,0.0641873,0.294,lowz
78,2007kh,1.7403,0.062175,8.727,1.2547,0.0605592,0.063,lowz
79,2007kk,0.962,-0.0152389,11.33,0.1365,0.0291362,0.048,lowz
80,2007ob,-0.540853,0.2465,10.464,0.2631,0.037502,0.019,lowz
81,2007su,0.3119,0.2,9.126,0.3451,0.0339659,0.081,lowz
82,2007sw,0.309,0.0930425,10.425,0.128,0.0300994,0.131,lowz
83,2008Y,-0.607925,0.0867259,10.93,0.2619,0.0372253,0.072,lowz
84,2008Z,1.0209,0.119,9.178,0.0953629,0.0267847,0.31,lowz
85,2008ac,0.2116,-0.033341,9.84,0.5459,0.0482264,0.08,lowz
86,2008ar,0.0200947,-0.0336406,10.408,0.0707328,0.0263176,0.052,lowz
87,2008at,-1.54947,0.2474,11.459,0.1957,0.0501529,3.329,lowz
88,2008by,0.4777,-0.147934,8.568,0.3094,0.0351672,0.103,lowz
89,2008bz,0.0366942,-0.104966,11.031,0.3625,0.0357769,0.016,lowz
91,2008fr,0.5665,-0.0907132,8.896,0.1144,0.0281092,0.075,lowz
92,2008gb,0.1087,0.00528278,10.268,0.2713,0.0321652,4.495,lowz
93,2008gl,-1.45791,-0.0119109,11.125,0.0983897,0.0279201,0.432,lowz
94,2008hj,-0.0275483,-0.0482701,10.399,0.2997,0.0322024,0.155,lowz
95,2008hs,-2.41524,0.0353639,10.988,0.1112,0.0335963,3.101,lowz
96,2009D,0.4623,-0.0377637,10.285,0.1193,0.0287764,3.965,lowz
97,2009ad,0.1773,-0.0466019,11.016,0.0743076,0.0270395,3.5,lowz
98,2009ds,0.5124,-0.0246712,11.088,0.1346,0.030651,2.92,lowz
99,2009fv,-0.630164,0.2994,9.084,0.1506,0.0345184,0.838,lowz
102,2009kk,-1.29095,-0.0824827,10.249,0.0822418,0.0303832,3.442,lowz
103,2009kq,-0.0495093,0.000715092,10.186,0.1464,0.0303922,0.104,lowz
104,2009le,0.0385039,0.0481731,10.452,0.1224,0.0327025,3.416,lowz
105,2009na,-0.648471,-0.0144709,10.568,0.0988681,0.0281036,0.141,lowz
106,2009nq,-0.418906,0.0487826,10.667,0.768,0.0435823,0.513,lowz
107,2010A,0.5026,0.139,10.491,0.1286,0.0326606,0.105,lowz
108,2010H,-1.36239,-0.107579,11.084,0.1655,0.0434558,0.015,lowz
109,2010Y,-2.53078,-0.0317597,10.599,0.0852523,0.0314811,0.047,lowz
110,2010dt,-0.0520904,-0.0647749,10.874,0.4362,0.0414117,0.441,lowz
111,2004eo,-1.19696,0.0115647,10.982,0.0273815,0.0220037,0.253,lowz
112,2004ey,0.0764115,-0.111119,9.95,0.0246559,0.02172,0.154,lowz
113,2004gu,1.312,0.0763948,10.225,0.068063,0.0222909,0.159,lowz
114,2005be,-1.86606,-0.109219,10.31,0.0658959,0.0272047,0.2,lowz
115,2005bo,-1.11885,0.2331,10.3578,0.1447,0.0229634,0.2809,lowz
116,2006bh,-1.6912,-0.0602213,10.915,0.0389833,0.0222653,0.352,lowz
117,2006eq,-2.01821,0.0714152,10.634,0.0731569,0.0289587,0.5,lowz
118,2006lu,0.267,-0.103407,11.235,0.0782325,0.0239625,0.057,lowz
119,2006py,0.108,0.0204276,9.9,0.2325,0.0238455,0.4,lowz
120,2008bq,0.3551,0.0560427,11.471,0.0522091,0.0223182,3.062,lowz
121,2008gp,-0.111069,-0.0721577,10.663,0.0323462,0.0221669,3.998,lowz
0,1248677,1.0022,-0.110622,9.845,0.1137,0.0219627,0.014,DES
1,1250017,0.9524,-0.0923231,8.797,0.155,0.0261938,0.038,DES
2,1253039,0.3513,-0.0968782,10.795,0.2695,0.0276632,0.1395,DES
3,1253101,1.4335,0.0135675,8.526,0.3766,0.032692,0.194,DES
4,1253920,-0.733173,-0.0843909,9.234,0.1382,0.0277645,0.033,DES
5,1255502,1.11,-0.0598933,10.454,0.2981,0.0457069,0.091,DES
6,1257366,-0.190109,0.116,10.965,0.485,0.0405422,0.134,DES
7,1257695,0.3459,-0.115695,9.854,0.0927815,0.0252752,0.0545,DES
8,1258906,-0.015955,0.00254507,9.195,0.3144,0.035642,0.017,DES
9,1258940,-0.10944,-0.105925,11.223,0.3915,0.0374919,0.146,DES
10,1259412,0.8493,-0.0397447,10.514,0.1479,0.0271899,0.0055,DES
11,1261579,-0.166532,-0.00563534,11.163,0.1177,0.0234028,0.072,DES
12,1262214,0.1646,-0.111424,8.864,0.2601,0.0397777,0.0575,DES
13,1262715,0.8929,-0.0514321,11.052,0.316,0.0310535,0.3255,DES
14,1263369,0.1645,-0.0888856,10.845,0.2709,0.0308264,0.085,DES
15,1263715,0.4141,-0.0597723,8.977,0.2801,0.0316807,0.106,DES
16,1275946,1.6698,-0.058764,8.458,0.1719,0.0265796,0.4345,DES
17,1279500,0.6875,-0.0269418,9.699,0.1668,0.0251377,0.0695,DES
18,1280217,1.9604,0.0874084,8.92,0.6078,0.0345989,0.1485,DES
19,1281668,0.1315,-0.111848,10.251,0.2761,0.0314146,0.0185,DES
20,1281886,1.1866,-0.0395397,9.727,0.4258,0.0406761,0.1685,DES
21,1282736,-0.77439,0.0941145,10.603,0.4262,0.0438108,0.0155,DES
22,1283373,-1.07014,-0.0471596,10.231,0.2622,0.0330783,0.0175,DES
23,1283878,-0.833104,-0.0142642,11.409,0.4816,0.04869,0.1955,DES
24,1283936,0.044237,0.1884,9.65,0.6109,0.0591548,0.0185,DES
25,1285160,-0.369158,-0.17529,7.978,0.2807,0.048014,0.345,DES
26,1285317,0.0374651,-0.0622008,8.739,0.5562,0.0415726,0.166,DES
27,1286398,-1.83747,-0.041718,10.363,0.2251,0.0425642,0.019,DES
28,1287626,0.0399898,-0.001172,8.203,0.4228,0.0308142,0.226,DES
29,1289288,-1.09656,0.0932964,10.645,0.5175,0.0454088,0.0235,DES
30,1289555,0.3556,-0.128795,9.278,0.5204,0.0452896,0.1075,DES
31,1289600,1.2862,0.0432458,9.712,0.2729,0.0275704,0.051,DES
32,1289656,-0.03267,-0.038433,8.727,0.5743,0.0495376,0.1705,DES
35,1290816,1.37,0.0101034,8.859,0.2563,0.0271316,0.009,DES
36,1291080,-1.56827,0.0155586,8.582,0.6827,0.0464985,0.172,DES
37,1291090,1.2385,-0.0821967,9.711,0.2312,0.0321417,0.0445,DES
38,1291794,0.1329,-0.00477328,10.935,0.4846,0.0377036,0.035,DES
40,1292145,0.7106,0.1166,9.218,0.6846,0.0599634,0.3125,DES
41,1292195,-0.0143298,-0.0240346,8.951,0.4175,0.0618147,0.2375,DES
42,1292332,0.2718,-0.106788,10.269,0.2468,0.0353498,0.1885,DES
43,1292336,-0.149005,0.0527698,9.099,0.2417,0.0331986,0.015,DES
44,1292560,0.3074,-0.114917,8.646,0.1602,0.0278229,0.106,DES
45,1293319,1.7503,-0.000950853,9.229,0.2853,0.0313035,0.016,DES
46,1293758,-1.31159,-0.0260347,10.969,0.1778,0.0392836,0.007,DES
47,1294014,0.5205,-0.0518439,9.451,0.3936,0.0416019,0.622,DES
48,1294743,-0.388197,0.2089,10.263,0.3994,0.039043,0.0945,DES
49,1295027,-0.15601,-0.0311742,10.091,0.5082,0.049293,0.0245,DES
50,1295256,-0.0540284,-0.0923924,8.803,0.3728,0.027338,0.3025,DES
51,1295305,0.0913105,-0.0609324,8.711,0.3384,0.0314623,0.1325,DES
52,1295921,0.9398,0.0790744,9.097,0.9685,0.0690527,0.298,DES
53,1296273,-0.224584,-0.111298,8.564,0.2605,0.0274737,0.44,DES
54,1296321,0.4738,0.084237,9.384,0.2039,0.028204,0.0035,DES
55,1296657,0.8815,0.0185943,9.476,0.385,0.0426387,0.0095,DES
56,1297026,-0.713128,-0.0415513,10.607,0.209,0.0307076,0.163,DES
57,1297465,1.1643,0.0415137,10.068,0.1356,0.0268685,0.001,DES
58,1298281,-1.56047,0.0555528,9.297,0.2294,0.0309272,0.0785,DES
59,1298893,-2.23751,-0.0280742,10.784,0.7837,0.1204,0.1435,DES
60,1299643,0.6857,-0.0899056,9.253,0.2634,0.0289616,0.028,DES
61,1299775,-0.412536,0.1848,10.783,0.1964,0.037261,0.134,DES
62,1299785,0.0028449,0.049761,10.185,0.4218,0.0410501,0.0105,DES
63,1300516,0.9084,0.1594,9.557,0.2901,0.0335439,0.0975,DES
64,1300912,-0.477849,0.0452176,9.744,0.1466,0.0255492,0.0145,DES
65,1301933,-0.217035,-0.12803,10.006,0.0899569,0.0221188,0.0995,DES
66,1302058,0.3777,-0.000860242,9.664,0.1296,0.0270532,0.039,DES
67,1302141,-0.0860256,0.0421593,9.429,0.6613,0.0639493,1.76,DES
68,1302187,-0.885027,0.04091,10.95,0.3403,0.0381394,0.873,DES
69,1302523,0.232,-0.022097,10.498,0.2709,0.0280122,0.0245,DES
70,1302648,-0.714834,0.1141,10.131,0.2247,0.0304358,0.013,DES
71,1303004,0.8519,-0.0510343,9.369,0.1645,0.0274816,0.2945,DES
72,1303279,1.1414,-0.062747,10.617,0.3571,0.0330808,0.125,DES
73,1303496,-0.30887,0.0679264,10.643,0.3644,0.0330486,0.1955,DES
74,1303883,0.5881,-0.0365376,10.894,0.2188,0.0307385,0.014,DES
75,1303952,0.5824,-0.19342,11.137,0.5797,0.044198,0.1215,DES
76,1304127,0.538,-0.243668,9.315,0.7809,0.0713148,0.7895,DES
77,1304442,0.259,-0.0707099,9.568,0.3019,0.0355842,0.0135,DES
78,1304678,-1.43378,-0.0461967,11.23,0.6476,0.0889411,0.0265,DES
79,1305504,-0.437285,-0.0842412,10.953,0.1639,0.0250102,0.0735,DES
80,1305626,-0.295547,-0.107764,9.283,0.1005,0.0227104,0.032,DES
82,1306073,-1.30489,-0.036721,10.4,0.2011,0.0296525,0.151,DES
83,1306141,-0.134363,-0.0722371,9.678,0.2219,0.02788,0.075,DES
84,1306360,-0.65159,0.00421934,10.646,0.7254,0.0511901,0.274,DES
85,1306390,0.0431502,0.1667,10.29,1.0415,0.0661944,0.073,DES
86,1306537,1.2314,-0.0773276,9.666,0.5108,0.0361245,0.2915,DES
87,1306626,0.2241,-0.0777843,9.031,0.3671,0.0304204,0.0555,DES
88,1306785,-1.21973,-0.013885,10.989,1.2562,0.0612069,0.0835,DES
89,1306980,-1.13876,0.0499708,10.095,0.8159,0.0654992,0.017,DES
90,1306991,-0.401683,-0.0475181,10.919,0.7362,0.0590605,0.0015,DES
91,1307277,-0.391529,0.0584071,10.612,0.8347,0.0575496,0.013,DES
92,1307830,-1.84149,-0.0847492,10.399,0.207,0.0299318,0.063,DES
93,1308314,0.0259775,-0.0513446,7.522,0.2781,0.0284112,0.1385,DES
94,1308326,0.4521,-0.117778,9.665,0.2076,0.0265255,0.015,DES
95,1308568,-0.0884659,0.1147,8.873,1.0303,0.071588,0.2085,DES
96,1308582,-0.425515,-0.0665627,10.698,0.3427,0.0352335,0.01,DES
97,1308884,-1.42624,0.0721732,10.228,0.0801074,0.0289996,0.128,DES
98,1308957,0.6783,-0.146073,10.078,0.6909,0.0562776,0.2735,DES
99,1309288,0.4867,-0.100892,10.961,0.4432,0.0455268,0.0265,DES
100,1309492,0.1844,-0.0839206,9.562,0.0901635,0.0218481,0.0665,DES
101,1309749,0.686,-0.129145,9.115,0.3325,0.0456015,0.082,DES
104,1312274,-1.4439,-0.0934088,10.494,0.5261,0.0395566,0.1565,DES
105,1313594,0.4976,-0.101559,10.379,0.1626,0.0284748,0.1885,DES
106,1314897,0.8917,0.0165514,11.148,0.3047,0.0315375,0.0,DES
107,1315192,1.023,0.0818286,10.654,0.3501,0.0344022,0.028,DES
108,1315259,-0.490833,0.0393864,11.562,0.1737,0.0285963,0.044,DES
109,1315296,1.5792,0.0548848,9.821,0.6982,0.0447479,0.065,DES
110,1316385,1.3231,0.00405317,9.804,0.2554,0.0316309,0.1255,DES
112,1316437,0.0681209,0.0300015,9.413,0.6233,0.0436074,0.112,DES
113,1316465,0.4014,-0.0221276,9.316,0.105,0.0225207,0.0565,DES
114,1317164,-2.29702,0.1137,10.964,0.2148,0.0464195,0.129,DES
115,1317277,-1.40625,0.0397803,10.05,0.3175,0.0345596,0.0115,DES
118,1317666,-0.130189,0.0840751,10.241,0.1101,0.0294651,0.2055,DES
119,1319366,1.454,-0.0191037,9.611,0.2166,0.0275824,0.02,DES
120,1319821,-0.482562,-0.0826151,10.417,0.2244,0.0318017,0.0095,DES
122,1322229,1.1483,0.00928805,9.746,0.5736,0.0329158,0.017,DES
123,1322979,0.0557552,-0.090034,7.861,0.224,0.0238376,0.355,DES
124,1324542,0.341,-0.0654012,9.182,0.6214,0.0419703,0.157,DES
125,1325358,0.0260919,-0.0111452,8.223,0.7154,0.0734933,0.3945,DES
126,1327978,0.0457581,0.0630683,11.313,0.5852,0.0469997,0.4135,DES
127,1328066,0.7258,-0.127049,9.902,0.4546,0.037658,0.0275,DES
128,1328105,0.0915458,-0.0475863,11.204,0.4316,0.0351113,0.0815,DES
129,1329166,0.0719892,-0.0567594,9.996,0.3536,0.053267,0.9185,DES
130,1329196,0.478,-0.0742008,9.424,0.2839,0.0458415,1.2185,DES
131,1329312,-1.39496,-0.0541178,11.115,0.3453,0.0354528,0.0305,DES
132,1329615,-0.47318,-0.0109756,10.908,0.5626,0.0399873,0.0845,DES
133,1330031,0.0220233,-0.128202,8.941,0.1067,0.0361228,0.139,DES
135,1330642,1.0435,-0.114433,9.27,0.2778,0.0292351,0.036,DES
136,1330903,0.1151,-0.0400144,10.328,0.7035,0.0498049,0.172,DES
137,1331123,-1.64394,-0.0142717,11.23,0.2084,0.0307788,0.0,DES
138,1331993,0.5997,-0.0822183,8.931,0.4084,0.0400983,0.0265,DES
140,1332413,1.1746,-0.118069,9.206,0.5065,0.0402585,0.686,DES
141,1333246,1.7983,0.1415,10.905,0.9009,0.0671559,0.03,DES
142,1333438,0.4191,0.0965147,10.682,0.4808,0.0515347,0.085,DES
143,1334084,-0.73938,0.0924209,10.037,0.3777,0.0501073,0.0645,DES
144,1334087,0.624,-0.00887197,10.951,0.3736,0.0478084,0.0565,DES
145,1334302,-1.04435,-0.0240623,10.519,0.525,0.0387261,0.033,DES
146,1334423,0.9109,0.010257,9.499,0.3899,0.031953,0.0825,DES
147,1334448,-2.7828,-0.1116,10.665,0.8118,0.0626655,0.0875,DES
149,1334597,0.5822,-0.0484273,8.88,0.1016,0.025532,0.1735,DES
150,1334620,-0.48216,0.2205,10.351,0.3244,0.0352593,0.1955,DES
151,1334644,-1.72827,-0.0487652,11.217,0.3471,0.0357264,0.056,DES
152,1334645,-0.843085,-0.0316743,10.453,0.1789,0.0279712,0.132,DES
153,1334707,0.4859,-0.160272,9.267,0.229,0.0282234,0.2315,DES
154,1334879,-0.0503544,0.0866017,9.666,0.2739,0.035631,0.025,DES
155,1335472,-0.0712997,-0.0340935,10.125,0.3539,0.031862,0.05,DES
156,1335564,0.3936,-0.0422518,9.303,0.6368,0.0491424,0.2385,DES
157,1335694,0.9317,-0.0273833,10.969,0.2296,0.0305897,1.111,DES
158,1335717,-0.093238,0.0512822,9.773,0.1228,0.0270143,0.0025,DES
159,1335718,0.6527,-0.108791,8.642,0.2585,0.0287098,0.5365,DES
161,1336008,0.6697,-0.0624138,9.833,0.3223,0.0283999,0.0105,DES
162,1336009,-0.421503,0.1464,9.634,0.3474,0.0355367,0.081,DES
163,1336453,0.9761,-0.0622813,9.326,0.1386,0.0272136,0.0175,DES
164,1336480,-0.130048,0.0015483,10.476,0.3024,0.0364208,0.5175,DES
165,1336687,0.4036,0.0894578,8.58,0.1629,0.0277901,0.016,DES
166,1337117,0.5229,-0.0874112,8.813,0.3237,0.0324644,0.21,DES
167,1337221,-0.315507,-0.235054,8.565,0.5203,0.0377941,0.067,DES
168,1337228,-0.712539,-0.0678551,10.341,0.766,0.0743364,1.789,DES
169,1337272,-0.965961,-0.0772274,8.602,0.5706,0.0481425,0.135,DES
171,1337649,1.0674,0.0506131,8.682,0.1885,0.0284589,0.0315,DES
173,1337687,0.8763,-0.112113,8.4,0.1527,0.0243073,0.136,DES
174,1337703,-1.03837,-0.104678,10.583,0.4618,0.044605,0.1245,DES
175,1337838,1.0021,-0.0334336,8.424,0.2027,0.0257437,0.4435,DES
176,1338128,-0.685718,-0.00929745,9.265,0.332,0.033243,0.0255,DES
177,1338170,-0.0811555,0.0514283,9.889,0.5848,0.0448232,0.038,DES
178,1338233,-1.47269,-0.10872,10.984,0.937,0.0717725,0.024,DES
179,1338266,-0.373197,-0.0887644,8.965,0.5787,0.0441029,0.3485,DES
180,1338278,1.7086,0.0060643,9.919,0.8061,0.0503989,0.058,DES
182,1338430,0.5287,-0.0715848,10.781,0.485,0.0400408,0.0375,DES
183,1338471,-0.917901,-0.0403168,10.123,1.212,0.0604796,0.0905,DES
184,1338675,0.0154146,0.0263952,9.507,0.19,0.0261077,0.017,DES
185,1339002,-1.25329,0.1117,10.871,0.3876,0.0450759,0.017,DES
186,1339149,-0.268257,0.0226112,9.94,0.5045,0.0414309,0.002,DES
187,1339392,-0.415723,-0.0281054,10.292,0.6202,0.0558366,0.0435,DES
188,1339450,-1.1752,0.0798788,11.044,1.0737,0.066236,0.093,DES
189,1340454,1.4206,0.1213,9.909,0.481,0.0385489,0.019,DES
190,1341370,1.1261,0.0211804,8.648,0.5686,0.0373205,0.0555,DES
191,1341894,-0.226179,-0.0445568,10.003,0.368,0.0354101,0.009,DES
192,1342255,0.2514,-0.0826255,10.024,0.2985,0.0266124,0.0665,DES
193,1343208,-0.0862641,-0.0117207,10.385,0.3665,0.0299118,0.031,DES
194,1343337,0.7746,0.1627,9.832,0.6745,0.0410575,0.0825,DES
195,1343401,0.7521,-0.0581411,10.74,0.777,0.0383133,0.073,DES
196,1343533,-0.889937,-0.00552683,10.759,1.1488,0.067393,0.1305,DES
197,1343759,0.6843,-0.0916753,9.74,0.3481,0.0244733,0.036,DES
198,1343871,1.2702,-0.108535,8.743,1.2203,0.0467736,0.9285,DES
199,1344692,-1.80346,0.1696,11.06,1.7997,0.0892283,0.047,DES
200,1345553,0.2866,-0.143369,10.034,0.5218,0.0308717,0.1035,DES
201,1345582,0.95,-0.0956182,9.914,1.4668,0.0497113,0.43,DES
202,1345594,-0.0055933,-0.143577,11.19,1.1413,0.0503176,0.154,DES
203,1346137,0.8247,0.0250438,10.093,0.6204,0.0421234,0.101,DES
204,1346387,-2.11075,-0.0273758,10.812,0.3331,0.0272965,0.0525,DES
206,1346966,0.6191,-0.0999749,9.557,0.3941,0.031793,0.084,DES
0,000006,0.0365123,0.136,10.793,0.4148,0.0365631,0.055,PS1
1,000011,-2.15371,0.1279,11.764,0.5511,0.0403359,0.1,PS1
2,000034,0.9692,-0.109525,8.938,0.3553,0.0253223,0.669,PS1
4,000142,-0.741331,-0.0221802,11.713,0.4232,0.0382952,0.051,PS1
5,000190,0.091133,0.0128472,9.799,0.0986647,0.0256927,0.52,PS1
6,000199,0.8966,-0.0951558,10.475,0.2282,0.0241524,0.379,PS1
7,000215,0.9828,-0.0850942,8.707,0.3143,0.0298197,8.177,PS1
8,000236,-0.2042,-0.0726581,10.902,0.1422,0.0258878,0.009,PS1
9,000420,-0.759306,-0.0682782,9.742,0.1787,0.0259695,0.708,PS1
10,010026,-0.407068,-0.0230311,10.205,0.0823557,0.0326246,0.01,PS1
11,020027,0.3037,0.0447153,10.748,0.1516,0.0289418,0.107,PS1
12,020096,-0.693198,-0.0651011,9.059,0.2157,0.0328227,0.642,PS1
13,020176,0.9107,-0.0764723,8.7022,0.3094,0.0269905,0.1,PS1
14,030066,1.3874,-0.119485,9.134,0.3686,0.0337059,0.243,PS1
15,040137,1.1067,0.0371509,8.743,0.5394,0.0449073,0.953,PS1
16,040166,0.3511,-0.137588,8.798,0.6198,0.0450388,1.167,PS1
17,040782,-0.584295,0.1644,10.152,0.4376,0.042576,0.358,PS1
18,050005,1.4136,0.00545954,9.633,0.672,0.0432041,0.557,PS1
19,050203,1.0254,-0.109377,8.835,0.6766,0.058133,1.294,PS1
20,050251,0.707,0.00277102,11.401,0.5873,0.0469027,0.015,PS1
21,050293,0.426,-0.0106875,8.555,0.408,0.0325929,8.052,PS1
22,050301,0.8364,0.1665,10.5212,0.4922,0.0369611,0.1,PS1
23,050607,0.1383,0.0739845,9.458,0.3936,0.0444799,0.394,PS1
24,070955,1.431,-0.0267604,9.513,0.339,0.0289726,0.464,PS1
25,080723,0.1818,-0.146788,9.753,0.31,0.0353123,0.323,PS1
26,090201,0.0472343,-0.0851126,8.684,0.5004,0.0415603,7.083,PS1
27,091869,1.3525,0.00146722,10.347,0.328,0.0318658,0.444,PS1
28,100090,-1.02391,0.0486361,9.978,0.332,0.0316188,0.071,PS1
29,100163,0.2806,-0.0663995,10.434,0.4721,0.0515271,0.358,PS1
30,100213,0.8389,0.0267554,9.414,0.3125,0.0404482,0.36,PS1
31,100405,-0.920768,0.0533893,11.1314,0.3704,0.055174,0.1,PS1
32,110033,1.3105,-0.0256228,10.063,0.3926,0.0528333,0.237,PS1
33,110478,0.9276,-0.0320809,9.468,0.3211,0.0323303,0.394,PS1
34,110536,0.5596,0.1835,10.577,0.5121,0.0505913,0.198,PS1
35,110567,-1.00786,0.1569,11.403,0.469,0.0491504,0.006,PS1
36,110719,0.3565,-0.0324313,11.348,0.5547,0.0515111,0.343,PS1
37,110734,0.4674,-0.056542,11.404,0.6021,0.0431841,0.019,PS1
38,120085,-2.27747,0.0556272,10.9,0.3273,0.0423895,0.115,PS1
39,120094,1.0643,-0.156652,11.65,0.4284,0.0342393,7.62,PS1
40,120336,-0.233534,0.0576691,9.757,0.1757,0.0287821,0.584,PS1
41,120400,0.2207,-0.102891,9.83,0.4217,0.0414831,0.04,PS1
42,120585,0.2247,-0.145298,9.363,0.3092,0.0280639,0.274,PS1
43,130308,-1.01832,0.0989283,10.424,0.1766,0.0313709,0.513,PS1
44,130514,0.9565,-0.201028,10.2506,0.1769,0.0298229,0.1,PS1
45,130862,0.6676,-0.0804669,9.5892,0.3797,0.0324476,0.1,PS1
46,140181,0.7872,0.0258835,10.359,0.1142,0.0265043,0.008,PS1
47,150509,0.2037,-0.143671,10.78,0.3665,0.02929,0.004,PS1
48,151034,0.3217,-0.137265,11.64,0.0979176,0.0254659,4.426,PS1
50,160099,0.6212,-0.0130004,11.223,0.1279,0.0284667,0.288,PS1
51,160197,-0.205685,-0.0149368,10.158,0.3528,0.0393146,0.073,PS1
52,160200,-0.173163,0.169,10.867,0.8694,0.0861436,0.145,PS1
53,170428,-0.991886,-0.00873583,9.1073,0.2311,0.0305007,0.1,PS1
54,180166,0.6039,0.043707,10.88,0.1104,0.0253643,0.078,PS1
55,180561,0.00503994,0.144,8.444,0.2143,0.0316871,0.724,PS1
56,190230,-1.40579,-0.0663034,10.874,0.1351,0.0280074,0.028,PS1
57,190260,0.9768,-0.0426496,10.833,0.1226,0.0302266,0.042,PS1
58,300105,0.3349,0.0777468,9.866,0.0898563,0.0269583,0.059,PS1
59,310025,1.8483,-0.0697394,10.094,0.2545,0.030924,0.158,PS1
60,310042,1.2828,-0.0459035,11.645,0.6051,0.1364,6.779,PS1
61,310073,0.3825,-0.187336,9.3124,0.2288,0.0338568,0.1,PS1
62,310091,-0.248906,-0.0926472,9.066,0.4717,0.0430855,1.297,PS1
63,310161,0.1306,-0.0290543,9.577,0.1761,0.0266519,0.348,PS1
64,310238,-0.285391,-0.0730534,9.906,0.166,0.0270228,0.167,PS1
65,310574,-0.382361,-0.0158722,10.234,0.1611,0.0314131,0.143,PS1
66,320258,-1.86171,-0.05769,10.956,0.3893,0.0432059,0.045,PS1
67,330022,-1.2453,0.0157568,10.979,0.2841,0.0441981,0.085,PS1
68,330089,0.6839,0.0371286,9.651,0.5335,0.0359586,0.264,PS1
69,330128,0.3975,-0.079275,10.812,0.3959,0.0310002,0.024,PS1
70,330146,-2.01884,0.00487767,10.7478,0.3465,0.0332332,0.1,PS1
72,350047,-2.39869,-0.121707,10.491,0.4159,0.0587762,0.02,PS1
73,350078,0.306,0.1357,9.341,0.4848,0.0805114,1.214,PS1
74,350083,0.8382,-0.0366217,9.755,0.3683,0.0308841,0.426,PS1
75,350233,-0.467611,-0.00183745,9.181,0.1406,0.0272605,0.145,PS1
76,350316,-0.424436,-0.0622836,8.624,0.0870924,0.02763,0.566,PS1
77,350548,0.8901,-0.0205274,10.636,0.176,0.0285514,0.006,PS1
78,360112,1.1832,-0.0536294,9.381,0.1557,0.0286006,0.36,PS1
79,360140,0.027909,-0.0375313,8.834,0.2369,0.0283702,1.377,PS1
80,360156,-0.886559,-0.0188894,10.3,0.1451,0.0351514,0.045,PS1
81,370098,0.5363,-0.0207583,10.491,0.1517,0.0279057,0.134,PS1
82,370308,0.7724,-0.126805,11.239,0.882,0.0303183,0.037,PS1
83,370333,0.9243,-0.0118297,8.7576,0.1641,0.0377874,0.1,PS1
85,370369,-0.882831,-0.196981,11.387,0.2751,0.0445368,0.062,PS1
86,370428,0.6131,-0.0916593,10.124,0.1521,0.0266506,0.085,PS1
87,370563,1.1871,-0.0203282,10.859,0.2456,0.0297543,0.09,PS1
88,380279,-1.74704,-0.0409791,10.971,0.6014,0.0396564,0.026,PS1
89,380378,0.5201,-0.126246,10.364,0.1761,0.0252858,0.514,PS1
90,390264,0.1494,0.2335,9.619,0.3145,0.0335923,0.515,PS1
91,390471,0.9196,-0.148418,10.504,0.3045,0.0273747,0.209,PS1
92,420100,-1.96967,-0.14244,10.841,0.4353,0.0919908,0.194,PS1
93,420159,0.2626,-0.0573036,11.338,0.2064,0.0270087,0.011,PS1
94,420258,0.9126,0.2525,11.463,0.3249,0.0412442,0.013,PS1
95,420407,-0.289812,-0.0292431,10.504,0.2572,0.0393292,0.158,PS1
96,420417,-0.172899,-0.0307368,10.934,0.6883,0.0588292,0.067,PS1
97,430004,1.3237,0.0425965,10.51,0.4209,0.0464447,0.012,PS1
98,440008,-0.308936,0.00867246,10.064,0.1906,0.0264346,0.21,PS1
99,440042,-1.48252,0.00391304,9.028,0.2184,0.0273662,7.383,PS1
100,440162,0.8835,-0.0873322,11.611,0.5984,0.0375787,0.008,PS1
101,440509,-0.502527,-0.0878735,11.8593,0.6779,0.0615703,0.1,PS1
103,460003,-0.821656,-0.0620915,10.8761,0.1152,0.0276411,0.1,PS1
104,460037,0.7622,-0.0591937,9.655,0.6672,0.053132,0.309,PS1
105,460105,-1.68713,-0.0872912,11.601,0.1846,0.0359457,0.037,PS1
106,470008,0.7591,-0.0595428,10.3869,0.3048,0.0324246,0.1,PS1
107,470041,0.9347,-0.0564755,11.162,0.2975,0.0313454,0.018,PS1
108,470232,0.8313,0.00186952,9.737,0.1539,0.0273849,0.228,PS1
109,470244,-0.223696,-0.11676,9.115,0.3446,0.0393223,0.901,PS1
110,480064,0.4884,0.0853425,8.867,0.2678,0.0288708,0.462,PS1
111,480464,0.2738,-0.10851,10.917,0.1584,0.0277402,0.028,PS1
112,490008,0.3553,-0.0909013,9.43,0.1049,0.0261414,0.429,PS1
113,490521,-0.296717,0.2679,10.715,0.483,0.069912,0.821,PS1
114,500004,0.6175,-0.0922289,9.155,0.3585,0.0412054,0.296,PS1
115,500057,1.0633,-0.128657,9.102,0.3713,0.0292163,8.025,PS1
116,500100,-0.738341,-0.0941772,10.898,0.4142,0.0299069,0.069,PS1
117,500504,-0.797548,0.1153,11.075,0.257,0.0363114,0.0845,PS1
118,510251,0.0330479,0.0939843,11.654,0.3051,0.0300975,0.133,PS1
119,510457,0.7943,0.0997175,8.9025,0.8739,0.0688734,0.1,PS1
120,510578,0.586,-0.115513,9.8142,0.3041,0.0327872,0.1,PS1
121,510638,0.2179,-0.0761758,8.6546,0.1438,0.0275535,0.1,PS1
122,520019,-0.493408,-0.0142362,11.266,0.2752,0.0375427,0.108,PS1
123,520023,-0.594813,-0.0283079,11.324,0.4735,0.0607163,0.013,PS1
124,520062,0.3006,-0.0400936,10.6357,0.2826,0.033789,0.1,PS1
125,520077,-1.63331,-0.11017,11.3931,0.3821,0.0394641,0.1,PS1
126,520188,1.3948,-0.0671611,8.406,0.2694,0.025171,0.199,PS1
127,530112,-0.643746,-0.0436168,10.678,0.2726,0.0336218,0.1275,PS1
128,530219,-0.995881,-0.125828,11.1019,0.4381,0.0689552,0.1,PS1
129,540163,-0.257508,0.0496714,10.359,0.3591,0.0335542,0.374,PS1
130,550041,0.8091,-0.183305,7.4,0.2535,0.0430061,0.1,PS1
131,550096,1.2146,0.0268382,10.175,0.5093,0.0608165,0.278,PS1
132,550154,0.0921966,-0.0903113,10.582,0.2941,0.0311771,0.013,PS1
133,550218,-1.5559,-0.105666,9.1626,0.5009,0.06617,0.1,PS1
134,560087,-1.46849,-0.123096,11.27,0.4354,0.0483055,0.015,PS1
135,560121,0.088341,0.0498694,8.461,0.5261,0.0424184,0.1,PS1
136,560152,-0.145954,-0.0827289,11.416,0.8372,0.0356213,0.056,PS1
137,570025,-0.276853,-0.0712942,9.973,0.8093,0.0658699,0.4035,PS1
138,570062,0.124,-0.0715402,9.219,0.2507,0.0285263,0.23,PS1
139,580235,-0.334121,0.0152272,9.2832,0.31,0.039517,0.1,PS1
140,580275,-0.455308,-0.0746618,11.33,0.9172,0.0394838,0.127,PS1
141,580300,-0.575866,-0.0533624,9.477,0.3176,0.0398629,0.585,PS1
143,200132,0.3964,-0.0288663,9.056,0.2031,0.0323786,0.742,PS1
144,350180,0.463,-0.0219349,8.885,0.7379,0.0358988,0.558,PS1
145,000010,0.287,0.0267721,10.786,0.2891,0.0291683,0.225,PS1
146,000014,0.4477,-0.103421,10.534,0.5636,0.0333182,0.048,PS1
147,000038,0.7009,-0.0215461,9.126,0.1955,0.0288246,0.459,PS1
148,000137,-0.70382,0.0892516,11.103,0.1754,0.0301193,0.035,PS1
149,000174,-0.737599,0.0971416,10.532,0.2149,0.0298829,0.1,PS1
150,000196,0.4415,-0.0350224,9.66,0.2417,0.0248261,0.254,PS1
151,000202,0.5986,-0.158661,9.943,0.5074,0.0401943,7.309,PS1
152,000220,-0.696747,-0.115604,11.335,0.145,0.0272268,0.122,PS1
153,010010,0.9134,0.0209939,10.104,0.1577,0.0260514,0.089,PS1
154,020090,0.3567,-0.00205953,11.32,0.8954,0.0471949,0.273,PS1
155,030006,0.4485,-0.0817336,9.524,0.9538,0.0665198,1.084,PS1
156,040150,-0.261971,-0.0366865,8.413,0.5229,0.0429092,0.738,PS1
157,040201,0.3863,-0.0723113,9.2773,0.2127,0.0279788,0.1,PS1
158,040780,-0.906113,0.2878,10.963,0.4676,0.0399019,0.021,PS1
159,050003,1.0672,0.00697239,8.371,0.7484,0.0433736,1.435,PS1
160,050201,0.3023,-0.0624308,10.3896,0.6494,0.0457808,0.1,PS1
161,050291,0.3357,0.0184332,11.169,0.3892,0.0395185,0.036,PS1
162,050296,0.8053,-0.0407629,10.905,0.4804,0.0368832,0.029,PS1
163,050303,0.6228,0.1908,11.248,0.7354,0.0503476,0.022,PS1
164,050580,-0.376193,0.0311286,10.422,0.469,0.040022,0.14,PS1
165,070242,-1.11779,-0.11721,8.537,0.0784101,0.0331866,1.195,PS1
166,080064,-0.289023,0.2399,9.133,0.0860321,0.0333174,0.022,PS1
167,080646,-1.05336,-0.0824364,10.768,0.2692,0.0378533,0.023,PS1
168,090037,-1.14742,0.2419,10.109,0.4506,0.0610675,0.052,PS1
169,090275,-1.10636,-0.0287406,11.102,0.1734,0.0316018,0.008,PS1
170,100101,-0.747428,-0.0634109,11.578,0.478,0.0419949,0.16,PS1
171,100206,0.2479,-0.0657023,11.566,0.1636,0.0291079,0.013,PS1
172,100358,-0.416901,-0.0455962,9.553,0.6758,0.1039,0.972,PS1
173,110425,-0.192509,0.0202587,9.563,0.4212,0.0365606,0.342,PS1
174,110430,-0.881815,0.0231636,9.14,0.5712,0.0430173,0.492,PS1
175,110460,-0.119835,0.0265729,9.5517,0.2602,0.0371258,0.1,PS1
176,110484,-0.351864,0.0762564,8.86,0.5635,0.0621225,1.13,PS1
177,110542,0.5705,-0.0294666,10.595,0.5091,0.0380784,0.247,PS1
179,110721,0.4992,-0.0127508,11.847,0.6676,0.0683496,0.115,PS1
180,120044,0.7977,-0.134856,8.7828,0.637,0.044086,0.1,PS1
181,120086,0.2869,0.1214,11.029,0.4943,0.0451853,0.22,PS1
182,120143,-0.26833,-0.0621689,9.163,0.1465,0.0263723,0.213,PS1
183,120369,-0.205325,-0.110425,10.563,0.3282,0.0318346,0.166,PS1
184,120444,0.2582,-0.175611,9.389,0.9506,0.1411,0.1,PS1
185,120586,-0.298266,-0.049961,9.483,0.8333,0.0463999,0.559,PS1
186,130755,-0.0874744,-0.088398,8.952,0.5435,0.0409267,0.821,PS1
187,140152,1.4238,-0.0853669,9.694,0.1641,0.0263313,0.744,PS1
188,150254,-0.051758,0.0814117,9.355,0.1712,0.0269024,0.439,PS1
189,150457,0.5226,-0.0797747,11.454,0.2848,0.0285828,0.01,PS1
190,160070,1.1342,-0.0551946,11.119,0.3549,0.0318685,0.008,PS1
191,160126,-0.599528,0.00974346,10.914,0.763,0.0471982,0.088,PS1
192,160198,0.2156,-0.0847377,9.881,0.2982,0.0330643,0.717,PS1
193,160214,-1.44297,-0.110012,11.089,0.6236,0.0247508,0.108,PS1
194,170078,-1.11419,-0.0911511,10.419,0.536,0.0438682,0.045,PS1
195,180313,0.4178,-0.0376098,8.8262,0.4194,0.0349312,0.1,PS1
196,190209,0.5015,-0.0655242,11.705,0.3416,0.0340372,0.093,PS1
197,190340,0.5124,-0.0565526,10.748,0.0867292,0.0261465,0.034,PS1
198,300179,0.1008,-0.0912019,10.324,0.1782,0.0455841,0.112,PS1
199,310039,-0.298168,0.0267036,9.953,0.129,0.0273441,0.011,PS1
200,310051,-0.356706,0.11,10.435,0.2468,0.0306321,0.103,PS1
201,310090,-1.32536,-0.0376797,11.639,0.5818,0.0874282,0.017,PS1
202,310146,0.7472,-0.113788,9.3245,0.4479,0.0381795,0.1,PS1
203,310188,-0.214136,-0.0602477,11.264,0.2415,0.0314765,0.071,PS1
204,310260,0.0282778,-0.0549978,8.7967,0.5643,0.0490417,0.1,PS1
205,320099,0.5849,-0.0441576,10.7107,0.3411,0.0370157,0.1,PS1
206,320469,1.5196,0.0489674,11.776,0.7435,0.1331,0.199,PS1
207,330023,-0.220861,-0.155364,10.623,0.2932,0.0548145,0.04,PS1
208,330083,0.00125702,-0.0746203,8.78,0.3399,0.028199,0.241,PS1
209,340229,-1.4205,0.0040601,10.425,0.836,0.087724,0.1,PS1
210,350027,-0.430214,0.0472446,11.059,0.3156,0.0406713,0.025,PS1
211,350050,-0.293791,0.00310632,10.504,0.4313,0.0375362,0.336,PS1
212,350080,-0.344612,-0.0748037,11.229,0.4243,0.0321108,0.142,PS1
213,350192,0.1251,-0.0392646,8.553,0.2269,0.026145,7.88,PS1
214,350235,0.0616382,0.0266197,10.127,0.3411,0.0542669,0.406,PS1
215,350374,-0.744421,-0.0483196,10.9632,0.7766,0.0598489,0.1,PS1
216,350630,0.7062,-0.0170392,11.149,0.2346,0.028175,0.01,PS1
217,360139,0.6398,-0.0201292,11.022,0.3102,0.0335879,0.286,PS1
218,360145,0.3543,0.0195882,9.911,0.1831,0.0275302,0.157,PS1
219,370066,-0.0655924,-0.0919586,9.831,0.4611,0.0325489,0.034,PS1
220,370329,0.3087,-0.179783,9.642,0.6125,0.0442849,0.091,PS1
221,370344,0.3343,-0.010997,9.538,0.2926,0.0305603,0.1,PS1
222,370367,2.859,-0.00825477,9.631,0.6137,0.0386942,0.1,PS1
223,370394,-0.431213,-0.0821111,10.291,0.5315,0.0350007,6.456,PS1
224,370498,0.7734,-0.0564356,11.611,0.2034,0.0252541,0.1,PS1
225,370566,-0.200806,-0.00438883,9.745,0.102,0.0337386,0.192,PS1
226,370595,-0.0559962,-0.0709268,10.324,0.1632,0.02716,0.128,PS1
227,380318,-0.230602,-0.0322576,11.443,0.6247,0.0526464,0.016,PS1
228,390259,-0.286868,0.0368124,8.793,0.1167,0.0277407,1.299,PS1
230,390627,-1.69962,-0.185747,11.254,0.2561,0.0439858,0.022,PS1
231,420196,0.8068,0.0335263,10.315,0.3422,0.0368986,0.867,PS1
232,420352,0.4189,-0.0964594,9.185,0.371,0.0296548,1.037,PS1
233,420414,-0.988829,-0.0284634,11.004,0.3165,0.0463248,0.032,PS1
235,440005,0.1851,0.1392,11.388,0.4375,0.0392652,0.025,PS1
236,440050,-0.202805,-0.0376073,11.03,0.7002,0.0397624,0.035,PS1
237,440236,-0.733322,-0.073068,11.413,0.5181,0.0373781,0.184,PS1
238,440285,-1.4546,2.3214e-05,10.634,0.2313,0.0273479,0.01,PS1
239,440643,0.7332,-0.0840093,8.731,0.1863,0.0293738,0.349,PS1
240,450082,-0.0763364,-0.0619687,10.292,0.3221,0.0281398,0.082,PS1
241,450339,0.8847,-0.0232849,10.546,0.6357,0.0548117,0.197,PS1
242,460064,0.8455,-0.0620491,9.381,0.2812,0.0279356,0.55,PS1
243,470015,0.644,0.0739414,11.557,0.7812,0.0906475,0.064,PS1
245,470110,0.4304,-0.0154454,10.57,0.7742,0.0481173,0.018,PS1
246,480184,-2.17856,0.0887602,11.073,0.5127,0.0447333,0.04,PS1
247,490007,-0.209261,-0.0172234,9.761,0.0867535,0.0328507,0.067,PS1
248,490037,-0.0501134,-0.114638,11.417,0.485,0.0452984,0.238,PS1
249,500038,1.1886,0.0150033,10.404,0.1981,0.0269632,0.104,PS1
250,500065,-0.261394,-0.258811,10.016,0.4109,0.0525786,0.282,PS1
251,500301,0.7166,0.196,10.1963,0.3728,0.0454516,0.1,PS1
252,500511,0.9095,0.00788887,9.633,0.1928,0.0286497,0.836,PS1
253,510113,2.3362,-0.0399514,8.598,0.3992,0.033846,0.751,PS1
254,510266,-0.458521,-0.160881,11.806,0.3176,0.032993,0.111,PS1
255,510550,0.478,-0.0690493,10.6566,0.1597,0.0264518,0.1,PS1
256,510597,1.6802,-0.0843545,9.9066,0.574,0.0403618,0.1,PS1
257,520022,0.0500758,0.2712,10.4366,0.1536,0.0311806,0.1,PS1
258,520041,-0.104155,-0.169218,10.672,0.8333,0.0578322,0.272,PS1
259,520071,-0.203994,-0.0463818,10.641,0.4322,0.0401508,0.319,PS1
260,530037,0.3628,-0.106076,10.9792,0.2823,0.0338066,0.1,PS1
261,530086,1.2031,0.0480947,10.475,0.2615,0.0390369,0.006,PS1
262,530251,0.0199884,0.0750171,9.3809,0.4749,0.0504415,0.1,PS1
263,550005,0.6784,0.1965,10.4246,0.3126,0.0460258,0.1,PS1
264,550059,-0.63424,0.0710388,10.2438,0.4931,0.1093,0.1,PS1
265,550137,0.5659,0.0551238,10.086,0.5911,0.0559916,0.1,PS1
266,550202,0.4829,-0.198622,9.751,0.6161,0.1007,0.1,PS1
267,560027,-0.45907,-0.155581,12.1047,0.6326,0.0526017,0.1,PS1
268,560054,1.6517,-0.000463137,10.84,0.7793,0.0589985,0.03,PS1
269,560150,-1.56974,-0.0429381,11.458,0.4735,0.0315291,0.0555,PS1
270,570022,1.7744,-0.0934974,9.499,0.6242,0.0351014,0.145,PS1
271,570056,0.4108,0.0881548,10.819,0.4913,0.0611948,0.19,PS1
272,580104,-0.729905,-0.0290564,11.543,0.2548,0.0347451,0.016,PS1
273,580270,-0.0173507,-0.0588788,9.851,0.3051,0.0358105,0.1865,PS1
274,580276,0.1194,-0.0817843,10.421,0.4233,0.0375937,0.108,PS1
275,590031,-0.712237,-0.102735,10.283,0.6089,0.0583685,0.147,PS1
276,590194,0.2713,0.0292795,10.634,0.1811,0.0307571,0.014,PS1
277,520016,1.1068,-0.0739747,10.011,0.5208,0.0351315,0.385,PS1
278,380199,1.8046,-0.0390526,10.683,0.5034,0.0362975,0.434,PS1
0,744,1.3862,0.0731188,10.47,0.3154,0.033401,0.075,SDSS
1,1112,-0.60506,-0.0196152,11.351,0.7174,0.0530339,0.059,SDSS
2,1241,-0.541876,0.0579793,10.696,0.0789422,0.0235467,0.103,SDSS
3,1371,0.7897,-0.0946183,10.893,0.0969673,0.0211225,0.067,SDSS
4,1580,0.8972,-0.0276553,10.75,0.2365,0.030288,0.04,SDSS
5,1794,1.1671,0.0416375,9.27,0.3203,0.0284179,0.076,SDSS
6,2031,0.4857,-0.120502,9.204,0.1435,0.0234288,54.124,SDSS
7,2102,1.2633,-0.0977211,11.018,0.1952,0.023877,53.937,SDSS
8,2165,0.5213,-0.118818,9.485,0.5819,0.0439368,0.186,SDSS
9,2422,1.0383,-0.166654,9.371,0.3311,0.0400695,0.189,SDSS
10,2635,0.8586,-0.0381702,9.971,0.137,0.0250711,0.054,SDSS
11,2689,1.399,0.0832126,11.351,0.1962,0.027932,0.092,SDSS
12,2916,-0.772014,0.0722568,10.041,0.2348,0.0349286,0.008,SDSS
13,2992,-0.958795,0.1108,10.231,0.1426,0.0300294,0.057,SDSS
14,3080,0.1102,-0.0400194,10.961,0.1922,0.00970029,0.104,SDSS
15,3087,0.5321,0.0129284,9.664,0.1938,0.0247205,0.087,SDSS
16,3317,-0.517505,0.0275208,10.054,0.186,0.0248855,0.068,SDSS
17,3377,1.0343,-0.0733686,9.666,0.3129,0.0373119,0.194,SDSS
18,3451,0.6958,-0.0514804,10.839,0.3291,0.0381384,0.115,SDSS
19,4046,0.7723,0.00178867,9.359,0.525,0.0438098,0.302,SDSS
20,4241,0.2715,-0.056036,9.261,0.6656,0.0566572,0.21,SDSS
21,4679,0.9785,0.0918463,9.225,0.7409,0.0607058,0.171,SDSS
22,5103,-0.22777,0.0215552,9.086,0.1539,0.0273271,0.074,SDSS
23,5533,-0.492327,0.00573253,9.959,0.402,0.0417439,0.08,SDSS
24,5549,0.2532,0.0116795,8.722,0.0983872,0.0218597,0.096,SDSS
25,5635,0.0703022,-0.0241075,9.483,0.4067,0.0371976,0.062,SDSS
26,5957,-0.144732,-0.118672,10.463,0.4435,0.0431296,0.078,SDSS
28,6057,-0.419246,0.1165,10.071,0.1091,0.0284644,0.049,SDSS
29,6108,0.456,0.0382181,9.323,0.6476,0.0445177,0.119,SDSS
30,6196,-1.41818,-0.0117349,11.406,0.5775,0.0467476,0.14,SDSS
31,6315,-0.0990292,-0.189367,9.72,0.3722,0.0381437,0.229,SDSS
32,6422,0.812,-0.103972,9.765,0.2159,0.0234194,0.093,SDSS
33,6558,1.0587,-0.019759,9.769,0.0915533,0.023099,0.062,SDSS
35,7147,-1.94443,-0.0881059,10.562,0.1577,0.0233109,0.064,SDSS
36,7243,0.7117,-0.0184562,9.225,0.3883,0.0408926,0.111,SDSS
37,7779,0.3694,-0.149235,11.174,0.8979,0.0488507,0.153,SDSS
38,7847,0.1312,0.123,10.696,0.3163,0.0355284,0.124,SDSS
39,8495,0.7359,-0.0215702,11.034,0.4578,0.041501,0.063,SDSS
40,8921,0.7371,0.00309779,10.216,0.2681,0.032088,0.058,SDSS
41,9032,0.8337,0.0165098,9.252,0.62,0.0513639,0.149,SDSS
42,9457,-0.341057,-0.0179951,11.129,0.6016,0.0616335,0.134,SDSS
43,9467,-1.38648,-0.140629,10.93,0.3818,0.0565557,0.072,SDSS
44,12779,-0.618928,0.1076,10.776,0.2634,0.0320879,0.083,SDSS
45,12781,-1.81174,0.0438622,10.942,0.1853,0.02696,0.078,SDSS
46,12856,0.8613,-0.080945,10.352,0.2048,0.0236193,0.045,SDSS
47,12881,0.8684,0.0288976,9.679,0.5423,0.0385447,0.113,SDSS
48,12883,-2.0374,-0.060723,11.099,0.7815,0.0687467,0.105,SDSS
49,12898,-0.0521545,0.0713674,9.953,0.0860644,0.0212108,0.045,SDSS
50,12927,0.0929514,-0.0290871,10.401,0.2944,0.0334357,0.06,SDSS
51,12950,-0.388809,0.0298092,9.787,0.0832026,0.0218896,0.04,SDSS
52,12972,0.1777,-0.0779651,9.177,0.6946,0.0490203,0.114,SDSS
53,13005,-0.315259,-0.00931821,10.093,0.3204,0.0454371,0.076,SDSS
55,13044,-0.0156438,-0.0634082,9.913,0.1295,0.0222284,0.062,SDSS
56,13136,0.8073,-0.105242,11.433,0.9152,0.0626193,0.093,SDSS
57,13152,0.2819,0.0174281,9.387,0.2525,0.0294112,0.096,SDSS
58,13254,0.5361,0.0977954,10.005,0.5183,0.0387251,0.062,SDSS
59,13411,1.8281,0.0259711,8.922,0.3803,0.0349441,0.13,SDSS
60,13578,-0.184098,-0.0372785,9.121,0.3823,0.0364854,0.11,SDSS
61,13610,0.1627,-0.0921366,10.471,0.5466,0.0422453,0.094,SDSS
62,13689,1.1841,-0.146192,10.45,0.3916,0.03718,0.07,SDSS
63,13736,1.1256,-0.0178106,9.678,0.1683,0.0241944,0.08,SDSS
64,13796,0.8015,-0.0155237,10.325,0.1192,0.0222273,0.055,SDSS
65,14019,-0.307564,-0.0160198,9.931,0.4142,0.0481083,0.093,SDSS
66,14024,-1.92288,0.0460743,8.934,0.2006,0.0350646,0.198,SDSS
67,14108,0.2419,0.0120993,8.953,0.1488,0.0296788,0.233,SDSS
68,14331,0.1759,0.00397516,9.696,0.3035,0.0387655,0.095,SDSS
69,14397,-1.15122,-0.234544,10.548,0.6097,0.0536195,0.116,SDSS
70,14421,-0.679465,-0.0877682,11.561,0.187,0.0266107,0.084,SDSS
71,14451,0.3106,-0.0964447,10.124,0.1699,0.0275342,0.071,SDSS
72,14735,0.0132331,0.0336808,10.326,0.4353,0.0438119,0.109,SDSS
73,14871,1.2909,-0.0353461,9.147,0.1145,0.0235551,0.07,SDSS
74,14979,0.2317,-0.108318,10.089,0.143,0.026168,0.066,SDSS
75,15057,-2.34968,-0.00713059,9.467,0.5833,0.0597569,0.096,SDSS
76,15129,-0.686994,-0.0657402,10.971,0.2336,0.0309751,0.066,SDSS
77,15161,-0.23106,-0.0496128,11.065,0.323,0.0420884,0.068,SDSS
78,15213,-0.021469,-0.0771152,10.721,0.6366,0.059913,0.089,SDSS
79,15219,-0.127686,-0.15095,11.081,0.3891,0.0359469,0.078,SDSS
80,15234,0.8907,0.1299,10.524,0.2084,0.0275155,0.061,SDSS
81,15259,0.4909,-0.00799472,9.789,0.2777,0.0340461,0.256,SDSS
82,15287,1.1155,-0.0421201,10.621,0.3048,0.0336572,0.152,SDSS
83,15301,-0.327988,-0.0130349,9.915,0.235,0.0290994,0.078,SDSS
84,15354,-2.14669,0.0875651,10.783,0.3634,0.0494242,0.081,SDSS
85,15383,0.1452,-0.0370182,10.786,0.6858,0.0496835,0.162,SDSS
86,15421,0.1925,-0.0384764,10.166,0.264,0.0253759,0.07,SDSS
87,15440,-0.545379,0.0631282,10.852,0.537,0.0442968,0.12,SDSS
88,15443,1.5669,-0.0312788,10.339,0.1837,0.0240459,0.061,SDSS
89,15456,-1.12515,-0.0886093,10.923,0.8309,0.0612076,0.091,SDSS
90,15461,-0.178579,-0.103158,10.516,0.2127,0.0264978,0.075,SDSS
91,15467,0.8061,-0.062126,10.43,0.2667,0.0350037,0.044,SDSS
92,15583,-0.285164,0.0290544,9.434,0.2104,0.0296529,0.118,SDSS
93,15776,-2.19951,-0.139803,11.211,0.6001,0.0520551,0.101,SDSS
94,15868,0.3198,-0.148732,10.387,0.2689,0.0364385,0.094,SDSS
95,15901,0.0538554,-0.0543689,9.969,0.2599,0.0338619,0.085,SDSS
96,16021,-0.343746,-0.0324002,10.135,0.129,0.0239611,0.06,SDSS
98,16073,0.7404,-0.017376,9.751,0.1926,0.0229852,0.087,SDSS
99,16093,1.0239,-0.0621165,10.215,0.6803,0.0576395,0.123,SDSS
100,16099,2.0426,0.0262757,10.656,0.4288,0.0270735,0.088,SDSS
101,16106,-0.553792,-0.142466,11.035,0.3938,0.0480208,0.108,SDSS
102,16116,0.5283,-0.100477,9.52,0.3056,0.0249588,0.081,SDSS
104,16206,-2.66733,-0.0188555,10.927,0.5899,0.0322064,0.078,SDSS
105,16211,-1.94323,0.0106081,11.528,0.6641,0.0775227,0.093,SDSS
107,16281,-0.814344,-0.0739796,10.394,0.5218,0.0306741,0.109,SDSS
108,17168,0.5368,-0.0363058,9.757,0.3151,0.0312193,0.08,SDSS
109,17215,0.3009,0.0211814,11.331,0.4177,0.0391465,0.068,SDSS
110,17218,-0.789031,-0.0798352,10.158,0.4126,0.0308302,0.065,SDSS
111,17220,1.8576,0.1353,10.863,0.288,0.0299749,0.109,SDSS
112,17240,-1.45432,-0.115935,10.92,0.3263,0.0511617,0.072,SDSS
113,17366,0.5697,-0.0839048,10.969,0.1693,0.0247182,0.056,SDSS
114,17389,1.1286,0.0661471,9.891,0.3813,0.0326502,0.077,SDSS
115,17464,0.1013,0.0555174,9.285,0.4483,0.0400518,0.142,SDSS
116,17497,0.9123,0.0441182,10.428,0.1262,0.0221408,0.052,SDSS
117,17552,1.3268,0.00186022,10.693,0.4237,0.0427981,0.104,SDSS
118,17784,-0.726704,0.073855,9.237,0.0780983,0.0267159,0.05,SDSS
119,17791,0.2512,-0.182679,9.385,0.7225,0.0656471,0.168,SDSS
120,17809,1.7477,0.0249158,9.84,0.5808,0.0468368,0.117,SDSS
123,17875,1.1507,-0.0274084,10.702,0.3249,0.0389379,0.11,SDSS
124,17884,0.7069,-0.121929,10.453,0.2872,0.0369371,0.083,SDSS
125,18030,-0.570274,-0.0468608,9.658,0.253,0.0342008,0.041,SDSS
126,18241,-1.11905,-0.076959,9.988,0.1281,0.0270185,0.091,SDSS
127,18323,0.2151,-0.0334855,9.359,0.2252,0.0285437,0.082,SDSS
128,18325,0.4217,-0.0578248,11.505,0.3833,0.0445463,0.138,SDSS
129,18466,-0.128722,0.0389106,10.917,0.2531,0.0353274,0.062,SDSS
131,18602,0.9143,0.0654483,9.299,0.1877,0.0287297,0.106,SDSS
132,18617,-0.153212,-0.0327971,10.076,0.8979,0.0589031,0.15,SDSS
133,18697,0.7485,0.00307256,10.524,0.1232,0.0204643,0.043,SDSS
134,18721,0.1987,-0.144814,11.331,0.8733,0.064721,0.103,SDSS
135,18749,-1.42348,0.0611586,11.172,0.433,0.0325472,0.078,SDSS
136,18804,0.8983,-0.0368055,10.3,0.2029,0.0285179,0.074,SDSS
137,18809,-1.17421,-0.0645902,11.137,0.1844,0.0272481,0.072,SDSS
138,18835,0.7563,-8.72893e-05,10.791,0.1123,0.025395,0.095,SDSS
139,18855,0.2466,-0.0159581,10.368,0.1462,0.024684,0.065,SDSS
140,18927,-0.590351,0.1169,11.503,0.3878,0.0403073,0.005,SDSS
141,18940,-0.844153,-0.0323887,10.226,0.2592,0.0374311,0.077,SDSS
143,18965,-0.621068,-0.108574,10.63,0.231,0.0348709,0.11,SDSS
144,19002,0.3302,-0.0967116,10.716,0.3235,0.0372479,0.08,SDSS
146,19027,0.5468,0.00456619,9.592,0.5632,0.0482195,0.127,SDSS
149,19230,-1.6479,0.0807081,10.516,0.459,0.0448874,0.102,SDSS
151,19341,-1.53429,0.0219727,11.015,0.3774,0.0438693,0.083,SDSS
152,19353,0.9203,0.0445747,11.004,0.2106,0.0268876,0.059,SDSS
153,19425,-1.59376,0.1334,10.636,0.4847,0.0575675,0.105,SDSS
154,19596,0.6495,-0.0427628,9.959,0.5203,0.0469995,0.161,SDSS
155,19632,0.1413,-0.0557019,11.113,0.5534,0.0528977,0.108,SDSS
156,19775,-0.219475,0.0997033,10.486,0.2048,0.0299459,0.104,SDSS
157,19794,-2.39803,0.0473427,11.367,0.6901,0.0738298,0.108,SDSS
158,19818,1.1463,-0.0293174,10.154,0.571,0.0460641,0.103,SDSS
159,19913,0.084569,-0.0550356,10.051,0.3453,0.0358488,0.087,SDSS
160,19953,0.6975,-0.123223,9.671,0.1855,0.0215041,0.063,SDSS
161,19969,0.0577259,0.0215307,10.367,0.2542,0.0266622,0.062,SDSS
162,19990,-1.30352,-0.0913598,10.628,0.3468,0.0462421,0.154,SDSS
163,20039,0.8079,0.0622803,11.428,0.5089,0.0424396,0.133,SDSS
164,20084,0.0671062,0.1479,9.191,0.2861,0.0302154,0.096,SDSS
165,20088,-0.204599,-0.155212,11.383,0.2149,0.0325232,0.098,SDSS
166,20111,-0.0260457,0.0139437,10.934,0.6143,0.0451589,0.119,SDSS
167,20142,1.2825,-0.0913646,9.365,0.6428,0.0388199,0.13,SDSS
168,20227,-1.21241,-0.139652,11.046,0.5566,0.0466586,0.149,SDSS
169,20245,-0.570288,0.0506984,11.74,0.9215,0.0540835,0.084,SDSS
170,20364,0.4805,0.0270099,10.389,0.823,0.0413826,0.079,SDSS
171,20581,-0.425017,-0.11513,9.903,0.4548,0.0343224,0.048,SDSS
172,20687,-0.648061,0.1451,10.976,0.7401,0.045866,0.064,SDSS
175,21042,1.2782,-0.0957912,9.374,0.5943,0.05017,0.062,SDSS
176,21062,0.7437,0.0229369,9.321,0.3475,0.0283679,0.081,SDSS
177,21502,-0.283315,-0.0453396,11.278,0.2421,0.0234845,0.092,SDSS
178,722,-0.477776,-0.0827574,10.969,0.1869,0.0348375,0.056,SDSS
179,762,1.1266,-0.0356394,11.236,0.2736,0.0286933,0.075,SDSS
180,774,0.644,-0.017681,10.816,0.1642,0.025819,0.101,SDSS
181,1032,-2.53849,0.0505356,10.681,0.2045,0.0382237,0.067,SDSS
182,1253,-0.930437,-0.118047,11.153,0.4754,0.0487221,0.093,SDSS
183,2017,1.4254,-0.102307,10.547,0.5719,0.0493426,0.076,SDSS
184,2246,0.3333,0.076592,10.798,0.3616,0.0355982,0.099,SDSS
186,2330,-1.86247,0.0434353,9.872,0.5844,0.0575145,0.099,SDSS
187,2372,0.3129,0.0318459,10.597,0.2154,0.0274785,0.072,SDSS
188,2440,0.4252,-0.0771681,10.325,0.2947,0.0289993,0.071,SDSS
189,2533,1.779,-0.0770085,9.755,0.7131,0.0520014,0.188,SDSS
190,2561,-0.0882739,0.0454258,10.765,0.1148,0.0249203,0.033,SDSS
191,2789,-0.758882,-0.106768,11.224,0.5496,0.054931,0.16,SDSS
194,3452,0.9086,-0.0889201,9.23,0.2735,0.0363512,0.082,SDSS
195,3592,-0.140857,-0.0342205,10.74,0.0717621,0.0204317,0.057,SDSS
196,4000,-1.08336,-0.00960667,10.919,0.6104,0.0648967,0.072,SDSS
197,4577,0.4114,-0.0640333,10.535,0.8244,0.0528092,0.169,SDSS
198,5391,0.3229,-0.0207486,9.299,0.5964,0.059694,0.089,SDSS
199,5395,1.1909,-0.00777788,9.08,0.1366,0.0233227,0.075,SDSS
200,5550,1.9037,-0.042121,9.564,0.1985,0.0215071,0.094,SDSS
201,5717,1.3148,-0.0398458,9.431,0.439,0.0397304,0.116,SDSS
202,5736,-0.176971,-0.00344946,10.474,0.3181,0.0361306,0.179,SDSS
203,5751,0.7567,0.1574,10.78,0.1469,0.0248274,0.084,SDSS
206,6192,-1.94882,-0.0589479,9.639,0.8049,0.0497808,0.111,SDSS
207,6249,0.6042,0.0292788,10.047,0.6888,0.0458782,0.107,SDSS
208,6304,-0.493413,0.0717923,10.656,0.4074,0.0297121,0.055,SDSS
209,6406,0.1271,0.00627042,10.549,0.1329,0.0231743,0.054,SDSS
211,6699,-0.639214,-0.136551,10.655,0.6731,0.0485404,0.14,SDSS
212,6780,-1.7321,-0.0288782,11.272,0.386,0.0453158,0.08,SDSS
214,6936,0.0234085,-0.0167016,10.259,0.3084,0.0277324,0.073,SDSS
215,7143,-0.47161,0.013332,10.28,0.6635,0.0461648,0.108,SDSS
216,7473,-0.164358,-0.0967086,8.954,0.2892,0.0329034,0.275,SDSS
219,7876,0.4727,-0.0197678,10.379,0.0919631,0.0208257,0.04,SDSS
220,8046,0.2378,0.0403687,11.335,0.4891,0.046888,0.082,SDSS
221,8213,-0.666128,0.159,10.522,0.3365,0.0379898,0.147,SDSS
222,8719,0.0165184,-0.0577669,9.306,0.1633,0.0235789,0.07,SDSS
223,10028,-1.21499,0.0147843,10.597,0.1784,0.0248355,0.075,SDSS
224,10434,-0.0162981,-0.0782564,11.602,0.1601,0.0265542,0.084,SDSS
225,10805,-0.968791,0.0658241,9.99,0.3867,0.0256377,0.044,SDSS
226,12843,-0.998435,0.0422646,11.258,0.305,0.0346768,0.08,SDSS
227,12853,-0.53035,-0.0513538,10.364,0.3528,0.0330972,0.072,SDSS
229,12860,-0.306696,0.1445,10.614,0.2013,0.0282436,0.049,SDSS
230,12928,-0.541483,-0.057565,11.031,0.4048,0.0340158,0.075,SDSS
231,12971,1.1759,-0.0890793,11.598,0.5605,0.0365346,0.099,SDSS
232,12977,0.077564,-0.0478177,9.614,0.4989,0.0388775,0.095,SDSS
233,13025,0.8901,0.0467346,10.836,0.5458,0.0487636,0.052,SDSS
234,13045,-0.107992,0.0607695,10.574,0.3412,0.0326049,0.063,SDSS
235,13070,0.9599,-0.138894,10.267,0.2748,0.0319036,0.053,SDSS
236,13072,0.436,-0.00657059,10.874,0.406,0.0448288,54.96,SDSS
237,13099,0.3686,-0.0195626,10.86,0.7325,0.0459822,0.08,SDSS
238,13135,-1.34067,-0.062871,11.134,0.101,0.0217477,0.081,SDSS
239,13305,1.0009,-0.00714979,10.055,0.3048,0.0336483,0.073,SDSS
240,13354,1.0525,0.0917603,10.472,0.1664,0.0271453,0.07,SDSS
241,13506,-0.131971,0.1403,10.19,0.6585,0.0474439,0.081,SDSS
242,13511,-1.53494,-0.0921056,11.411,0.4634,0.0412356,0.122,SDSS
244,13655,-1.30009,0.0881393,11.238,0.6218,0.0501835,0.132,SDSS
245,13727,1.3202,-0.0409228,9.953,0.3467,0.0381757,0.084,SDSS
247,13830,1.2576,-0.0194588,11.174,0.6522,0.0541792,0.075,SDSS
248,13835,0.641,-0.0745586,10.507,0.2553,0.0351554,0.06,SDSS
249,13894,0.7356,0.1691,9.424,0.1695,0.0274615,0.105,SDSS
250,13934,-0.717827,-0.0965145,10.791,0.8503,0.0750615,0.119,SDSS
251,14157,1.1538,-0.0478697,11.127,0.2766,0.0344442,0.062,SDSS
252,14212,-0.312608,-0.0255047,10.497,0.1804,0.0327785,0.105,SDSS
253,14261,0.6832,-0.0313923,9.135,0.4869,0.0459477,0.076,SDSS
254,14284,-0.292937,-0.0629261,10.572,0.1741,0.0242571,0.078,SDSS
256,14437,0.6223,-0.0906955,10.186,0.1251,0.0246642,0.117,SDSS
257,14456,-0.0544689,-0.024227,11.095,0.575,0.0501013,0.176,SDSS
258,14481,-1.02712,-0.154985,11.215,0.3986,0.0502651,0.112,SDSS
259,14846,0.67,-0.0434448,11.075,0.3004,0.0359607,0.059,SDSS
260,14984,1.0268,0.0795747,10.395,0.3449,0.0341698,0.065,SDSS
261,15132,1.0695,-0.124536,11.224,0.1514,0.0220873,54.255,SDSS
262,15171,0.6692,-0.0655636,8.85,0.1485,0.0248487,0.142,SDSS
263,15201,-1.88039,0.1493,11.312,0.686,0.0573295,0.09,SDSS
264,15203,1.1197,0.00361027,10.219,0.2763,0.0320282,0.069,SDSS
265,15222,-1.32973,0.0240462,11.571,0.2902,0.0356621,0.11,SDSS
266,15229,0.7003,-0.0320393,9.165,0.2973,0.0367929,0.109,SDSS
267,15356,-0.611901,-0.0420196,10.743,0.5043,0.0454834,0.166,SDSS
268,15365,0.7913,-0.0497522,11.178,0.2344,0.0271057,0.075,SDSS
269,15425,0.9829,0.00692727,10.526,0.1707,0.0253448,0.062,SDSS
270,15433,-0.0447755,-0.064101,10.806,0.2709,0.0354025,0.088,SDSS
271,15453,1.1496,-0.0179888,8.989,0.252,0.0279968,0.147,SDSS
272,15466,-1.07216,0.0346382,10.622,0.4123,0.0478568,0.073,SDSS
273,15508,0.8825,-0.0526758,9.964,0.1065,0.0216273,0.068,SDSS
274,15584,0.3887,-0.0450532,10.9,0.4234,0.044312,0.124,SDSS
275,15648,-1.36668,0.1183,11.339,0.3563,0.0487057,0.084,SDSS
277,15704,0.0747335,-0.177342,10.933,0.5839,0.0554244,0.115,SDSS
278,15872,0.7575,-0.0689362,9.66,0.3064,0.0357326,0.089,SDSS
279,15897,-2.40836,0.00961516,10.816,0.2571,0.0363288,0.088,SDSS
280,16069,0.8789,0.1618,10.837,0.2214,0.0269093,0.05,SDSS
281,16072,0.2827,-0.0287625,10.943,0.6658,0.0544224,0.106,SDSS
282,16100,-0.405614,0.0510281,9.661,0.3617,0.0379719,0.157,SDSS
283,16185,-2.23123,0.0638578,9.716,0.2149,0.0253267,0.087,SDSS
284,16232,0.0166791,-0.120046,10.651,0.7927,0.0316532,0.173,SDSS
285,16259,-1.50991,0.0782828,11.223,0.2226,0.02775,0.063,SDSS
286,16276,-0.0185248,-0.0232846,9.288,0.5793,0.0317175,0.2,SDSS
287,16350,-0.938459,-0.0881971,10.79,0.5479,0.0430376,0.088,SDSS
288,17171,-0.373139,-0.137894,10.875,0.3314,0.035795,0.062,SDSS
289,17186,0.6482,0.1192,10.769,0.1502,0.0241608,0.057,SDSS
290,17208,0.8596,-0.065311,8.77,0.2276,0.0292623,0.202,SDSS
292,17253,-0.15201,-0.130798,10.968,0.4221,0.0697073,0.066,SDSS
293,17258,0.2828,0.0303476,9.555,0.2081,0.0339224,0.046,SDSS
294,17280,-0.835948,-0.195701,10.934,0.292,0.0507359,0.048,SDSS
295,17332,-0.21067,0.0413556,10.604,0.2757,0.0342377,0.114,SDSS
296,17340,-0.038427,-0.00221389,11.443,0.4476,0.0440595,0.105,SDSS
297,17435,0.9181,-0.106793,8.818,0.2596,0.034491,0.182,SDSS
298,17605,0.7996,0.021943,10.839,0.4506,0.039849,0.049,SDSS
299,17629,-0.341675,0.0642276,11.199,0.1483,0.0266063,0.056,SDSS
300,17801,-0.659041,-0.0144898,11.4,0.5001,0.054556,0.086,SDSS
301,18091,-0.591672,-0.193532,10.972,0.69,0.0608032,0.086,SDSS
302,18415,-1.63253,-0.0811076,10.989,0.1737,0.0285244,0.077,SDSS
303,18463,0.9827,-0.0416822,10.244,0.4217,0.045583,0.096,SDSS
304,18485,1.3363,-0.0820565,10.908,0.4208,0.0405567,0.084,SDSS
305,18604,-2.14115,-0.0436362,11.05,0.3553,0.0356378,0.073,SDSS
306,18612,-0.73992,0.0673531,11.123,0.1334,0.0225438,0.092,SDSS
307,18650,0.8877,-0.0311692,8.906,0.1185,0.0244648,0.076,SDSS
308,18740,-0.0366876,0.0346161,10.663,0.1283,0.0228315,0.086,SDSS
309,18768,-0.412263,-0.0255804,9.778,0.3001,0.0375364,0.22,SDSS
310,18787,0.1701,0.0449957,11.072,0.4499,0.0324451,0.117,SDSS
311,18807,0.4777,-0.00287029,10.998,0.2507,0.0288752,0.075,SDSS
312,19008,1.0788,0.090643,10.401,0.402,0.0423392,0.071,SDSS
314,19174,-0.749589,0.0565403,11.02,0.218,0.0313006,0.054,SDSS
315,19207,0.503,0.0135065,10.626,0.5946,0.0525243,0.066,SDSS
316,19543,-0.829342,-0.0161249,8.801,0.1403,0.0239853,0.101,SDSS
317,19616,0.1429,-0.0207834,11.04,0.1954,0.0260263,0.043,SDSS
318,19658,0.00515199,-0.0843972,8.996,0.263,0.0350917,0.182,SDSS
319,19702,-1.08725,-0.0637953,9.896,0.4789,0.0526769,0.124,SDSS
320,19757,0.2561,-0.100264,10.395,0.9355,0.0632859,0.116,SDSS
322,19968,-1.88082,-0.0287755,10.492,0.1706,0.0229144,0.064,SDSS
323,19992,0.2744,-0.0793403,10.628,0.5439,0.0472049,54.33,SDSS
324,20040,1.1409,-0.106812,10.257,0.7334,0.0450815,0.138,SDSS
325,20048,-0.678445,0.0186583,10.86,0.5177,0.0384725,0.09,SDSS
326,20064,0.8204,0.0619927,11.381,0.1491,0.0220326,0.06,SDSS
327,20106,-1.05206,-0.114572,10.277,0.7417,0.0695095,0.198,SDSS
328,20144,0.1741,-0.0941342,9.641,0.5687,0.0341888,0.11,SDSS
331,20625,-0.106458,0.00329824,10.681,0.2067,0.0235566,0.048,SDSS
332,20764,-1.41806,-0.101492,11.011,0.3718,0.029642,0.075,SDSS
333,21034,0.0567713,0.0392246,10.63,0.28,0.0237703,0.041,SDSS
334,22075,-1.68078,-0.0260803,11.172,0.3387,0.0290648,0.067,SDSS
0,03D1au,1.27,-0.0115372,9.517,0.1503,0.0293198,0.1105,SNLS
1,03D1ax,-0.727943,-0.0986878,11.58,0.1013,0.0285664,0.1125,SNLS
2,03D1co,0.668,-0.0367941,8.647,0.3999,0.0669054,0.284,SNLS
3,03D1ew,0.3915,-0.0610569,8.53,0.345,0.0657322,0.805,SNLS
4,03D1fq,-1.03274,-0.0529832,10.651,0.4011,0.0631378,0.127,SNLS
5,03D3ay,0.5745,-0.0565309,10.198,0.198,0.032162,0.0675,SNLS
6,03D3bl,0.0531571,0.2023,10.831,0.1721,0.0283189,0.0925,SNLS
7,03D4ag,0.9431,-0.0841374,10.628,0.1058,0.0230079,0.099,SNLS
8,03D4au,0.3792,0.1192,9.464,0.3296,0.0404942,0.1065,SNLS
9,03D4cx,-0.114899,0.059635,11.008,0.6694,0.0618204,0.157,SNLS
10,03D4cz,-1.77016,-0.0720015,10.389,0.3715,0.0834857,0.245,SNLS
11,03D4di,1.4731,-0.0796778,9.879,0.4089,0.0611018,0.0635,SNLS
12,03D4fd,0.7945,-0.0399821,10.005,0.4712,0.0258137,0.2195,SNLS
13,03D4gg,1.0029,0.013488,10.162,0.4333,0.0390552,0.0055,SNLS
14,04D1dc,-1.23107,-0.00448154,10.635,0.061977,0.0245965,0.0415,SNLS
15,04D1ff,0.7314,0.0434838,8.73,0.272,0.0561381,0.3045,SNLS
16,04D1hx,0.287,0.1165,9.645,0.1905,0.0326272,0.1335,SNLS
17,04D1iv,1.22,-0.115634,9.034,0.3477,0.0480381,0.45,SNLS
18,04D1jg,0.2603,-0.1004,11.338,0.157,0.0325177,0.1505,SNLS
19,04D1ks,0.7003,0.1038,7.966,0.2518,0.0595319,0.719,SNLS
20,04D1ow,-0.0325426,-0.16074,9.397,0.284,0.0490641,1.3735,SNLS
21,04D1pd,0.2016,0.0437312,10.215,0.4225,0.0610246,0.1145,SNLS
22,04D1pp,-1.36495,-0.108968,11.382,0.2139,0.0499316,0.0895,SNLS
23,04D1qd,0.1791,0.021226,10.496,0.2729,0.0534707,0.0645,SNLS
24,04D1rx,0.6025,-0.09585,9.769,0.4511,0.0571643,0.125,SNLS
25,04D1si,0.1404,-0.00766252,10.638,0.2969,0.0523554,0.127,SNLS
26,04D2al,-1.33278,-0.0908779,9.642,0.8079,0.0733366,0.219,SNLS
27,04D2cf,-0.869819,-0.0137427,10.809,0.1627,0.0298129,0.1575,SNLS
28,04D2fs,0.0976984,0.060676,8.386,0.102,0.0252537,0.294,SNLS
29,04D2gc,1.1111,0.0164202,9.326,0.2037,0.0343362,0.2025,SNLS
32,04D2mh,1.5815,0.0182101,9.097,0.1721,0.0302827,0.418,SNLS
33,04D3co,-0.666539,-0.0200703,9.517,0.1929,0.0174857,0.243,SNLS
34,04D3dd,0.738,-0.013148,9.48,0.6702,0.0717522,0.1335,SNLS
35,04D3do,-0.826452,-0.108506,10.485,0.1495,0.0343143,0.071,SNLS
36,04D3fk,-0.395308,0.078712,10.189,0.0811272,0.0229451,0.0765,SNLS
37,04D3gt,-0.229321,0.1918,11.34,0.1105,0.0276498,0.0945,SNLS
38,04D3hn,-0.56664,0.0818121,10.79,0.1206,0.0338445,0.022,SNLS
39,04D3ks,0.6392,-0.0317871,8.459,0.304,0.0602404,0.226,SNLS
40,04D3lu,-0.580868,-0.11081,11.111,0.2251,0.0542189,0.0765,SNLS
41,04D3ml,1.1664,-0.140442,9.882,0.4505,0.0486395,0.2085,SNLS
42,04D3nh,0.6087,-0.00262291,9.356,0.0874864,0.0211701,0.0205,SNLS
43,04D3ny,-0.0716221,-0.0114148,10.032,0.4948,0.0619597,0.262,SNLS
44,04D4an,-0.348572,0.021226,10.541,0.3959,0.0394158,0.154,SNLS
45,04D4bq,0.666,0.0993785,8.706,0.2594,0.0370823,0.7525,SNLS
46,04D4dw,1.1066,-0.126679,10.785,0.4152,0.0549567,0.22,SNLS
47,04D4gg,1.2319,0.0817687,10.057,0.1372,0.0249101,0.3455,SNLS
48,04D4hu,0.0531798,-0.103525,9.475,0.2342,0.0573371,0.222,SNLS
49,04D4ic,-0.864774,-0.0158963,9.325,0.3814,0.0729967,0.155,SNLS
50,04D4ih,0.3461,-0.212703,10.855,0.3497,0.0502361,0.1285,SNLS
51,04D4im,1.1745,0.0127256,11.199,0.2296,0.0577528,0.1025,SNLS
52,04D4jr,1.5288,-0.0611418,8.024,0.1207,0.0266872,0.6755,SNLS
53,04D4jw,-0.655183,-0.190335,11.226,0.4033,0.0616785,0.1005,SNLS
54,05D1az,1.8827,-0.0114716,8.631,0.3685,0.0551922,0.6335,SNLS
55,05D1cc,-0.146679,8.18076e-05,9.316,0.1509,0.0276194,0.2025,SNLS
56,05D1cl,2.3098,-0.0666607,8.42,0.3439,0.0540109,0.4745,SNLS
57,05D1dx,0.6482,-0.040527,9.416,0.1211,0.0284889,0.113,SNLS
58,05D1em,0.2538,-0.134668,11.043,0.2859,0.0528799,0.047,SNLS
59,05D1er,0.4777,0.0864685,10.379,0.4356,0.0660004,0.148,SNLS
60,05D1hm,1.0927,0.1485,9.854,0.2582,0.0376427,0.177,SNLS
61,05D1ix,0.5499,-0.0665827,7.466,0.137,0.0256736,0.7095,SNLS
62,05D1ke,0.2306,-0.1019,8.851,0.2565,0.0471748,0.3325,SNLS
63,05D2ab,-0.157534,-0.0374068,10.098,0.0838995,0.0214057,0.08,SNLS
64,05D2ah,-0.0736339,-0.00110146,9.21,0.0477098,0.0237979,0.0145,SNLS
66,05D2bw,-0.282586,-0.129641,9.144,0.4826,0.0613142,0.54,SNLS
67,05D2cb,0.8882,0.1617,9.534,0.1899,0.0286166,0.078,SNLS
68,05D2ck,-2.62667,-0.000495067,10.941,0.4549,0.0673354,0.095,SNLS
69,05D2dt,0.1739,0.0362779,10.244,0.2699,0.0352402,0.096,SNLS
70,05D2dy,1.5911,-0.120524,7.738,0.184,0.0284513,0.8285,SNLS
71,05D2ec,-0.203046,-0.100494,9.997,0.2113,0.0532163,0.0565,SNLS
72,05D2hc,-0.680634,0.0374614,10.977,0.1635,0.0238634,0.092,SNLS
73,05D2ie,-0.0717215,-0.0757316,9.287,0.1406,0.0254279,0.0525,SNLS
74,05D2mp,1.2886,0.0156492,8.657,0.1876,0.0243191,0.1825,SNLS
76,05D2ob,1.0915,0.0400568,8.557,0.5893,0.0270598,0.374,SNLS
77,05D3cf,-0.253457,0.00786825,9.609,0.1732,0.0262418,0.138,SNLS
78,05D3cq,-0.704787,-0.192135,8.876,0.4478,0.0498209,0.27,SNLS
79,05D3dd,-0.213481,-0.0306153,11.222,0.1246,0.0245328,0.097,SNLS
80,05D3gp,-0.485366,-0.0712763,9.015,0.3881,0.044475,0.185,SNLS
81,05D3ha,-0.196664,0.0952107,11.164,0.3875,0.0618985,0.159,SNLS
82,05D3hs,0.5659,-0.159919,9.004,0.2077,0.0550162,0.13,SNLS
83,05D3jb,0.9429,-0.0635274,10.471,0.2316,0.0478955,0.0465,SNLS
84,05D3jk,0.7839,-0.12427,9.457,0.181,0.0437608,0.3105,SNLS
85,05D3jr,-0.901728,0.049486,8.008,0.12,0.022432,0.833,SNLS
86,05D3kp,1.2658,-0.139197,10.62,0.2304,0.0469296,0.1265,SNLS
87,05D3kx,0.7062,-0.042768,10.63,0.0627544,0.0237359,0.0675,SNLS
88,05D3lb,0.2957,0.0371233,8.931,0.1822,0.047538,0.23,SNLS
89,05D3lr,0.1748,0.1053,10.873,0.3445,0.038385,0.051,SNLS
90,05D3mn,-0.208763,-0.0340873,10.432,0.2899,0.0491378,0.1145,SNLS
91,05D3mx,-1.37564,-0.0770414,10.788,0.1065,0.029933,0.066,SNLS
92,05D4af,0.1289,-0.0252435,8.986,0.234,0.0301203,0.0885,SNLS
93,05D4av,0.8751,0.1725,10.285,0.1775,0.0292093,0.1175,SNLS
94,05D4bf,0.0795797,-0.00277466,10.23,0.2313,0.0386766,0.084,SNLS
95,05D4bj,0.1928,0.0700628,9.265,0.2937,0.0434674,0.0965,SNLS
96,05D4cn,1.1376,0.00625812,10.461,0.2411,0.0522582,0.3055,SNLS
97,05D4cs,1.3948,-0.11267,8.98,0.2123,0.0483958,0.6325,SNLS
98,05D4dt,-0.981025,-0.0465478,10.429,0.1052,0.0239807,0.115,SNLS
99,05D4dy,-0.372178,-0.11563,8.321,0.3814,0.062142,0.1705,SNLS
100,05D4ej,0.2112,-0.0225371,10.133,0.1722,0.0312822,0.156,SNLS
101,05D4ev,-1.1064,-0.0351744,10.883,0.2754,0.0610586,0.0615,SNLS
102,05D4fg,0.2742,-0.153172,11.277,0.2662,0.0540527,0.0915,SNLS
103,05D4gw,0.0264593,0.0371388,8.984,0.4621,0.0676635,0.114,SNLS
104,06D2bk,0.4703,0.00691811,8.617,0.2778,0.0321446,0.0855,SNLS
105,06D2cc,-0.564896,0.0863075,10.87,0.3318,0.049599,0.1085,SNLS
106,06D2ce,2.0405,0.0022512,11.326,0.8885,0.0765956,0.0705,SNLS
107,06D2fb,-0.358863,-0.0219282,9.74,0.0540268,0.0246656,0.124,SNLS
108,06D2gb,-1.57488,-0.0132559,10.905,0.2022,0.0372304,0.1245,SNLS
109,06D3cc,0.724,-0.00311853,10.083,0.6453,0.0818961,0.127,SNLS
110,06D3do,0.6248,-0.0661075,8.709,0.2926,0.049904,0.183,SNLS
111,06D3ed,-0.391164,-0.0653669,9.512,0.0806924,0.0228118,0.205,SNLS
112,06D3em,-0.148077,0.1791,9.459,0.3507,0.0581669,0.2445,SNLS
113,06D3et,-1.35159,-0.0797774,10.766,0.1442,0.0309786,0.09,SNLS
114,06D3gh,0.2365,-0.0708148,9.3,0.3404,0.0639547,0.2445,SNLS
115,06D4bo,0.7599,-0.0387456,9.96,0.1782,0.0293251,0.2225,SNLS
116,06D4ce,1.7267,-0.107828,8.861,0.5664,0.0609719,0.317,SNLS
117,06D4co,-0.387877,-0.0415282,10.627,0.0947362,0.0224666,0.1515,SNLS
118,06D4dh,0.5185,-0.159399,9.381,0.0635507,0.0211181,0.067,SNLS
119,03D1aw,0.9916,-0.0254877,9.169,0.2747,0.0353346,0.088,SNLS
120,03D1bp,-1.14873,-0.0410989,10.821,0.1102,0.0265653,0.1235,SNLS
121,03D1fc,0.6398,-0.0167078,10.391,0.1166,0.0232993,0.036,SNLS
122,03D3aw,0.801,-0.0885931,10.695,0.2342,0.0383129,0.034,SNLS
123,03D3ba,0.762,0.1144,10.211,0.1228,0.0340236,0.0935,SNLS
124,03D3cd,1.8722,-0.0456587,9.339,0.5559,0.0361866,0.152,SNLS
125,03D4at,0.2023,-0.052183,8.751,0.3272,0.0650147,0.0775,SNLS
127,03D4cy,0.8601,-0.0549363,9.705,0.5856,0.0694177,0.2355,SNLS
128,03D4dh,1.1289,-0.0730388,9.414,0.1778,0.032885,0.1625,SNLS
130,03D4gf,0.5185,-0.0346335,7.638,0.3076,0.0366825,0.2905,SNLS
132,04D1de,0.908,-0.119655,9.64,0.2429,0.0538752,0.1665,SNLS
133,04D1hd,0.7929,-0.0885123,8.199,0.067799,0.0213003,0.0905,SNLS
134,04D1hy,1.1771,-0.0491439,8.086,0.2756,0.0531757,0.8255,SNLS
135,04D1jd,0.158,0.1068,10.38,0.2835,0.0637505,0.1475,SNLS
136,04D1kj,0.2177,-0.0600115,9.929,0.1255,0.0103985,0.1075,SNLS
137,04D1oh,-0.0710547,-0.0633826,9.17,0.2071,0.0327267,0.1525,SNLS
138,04D1pc,-0.41061,0.0910442,10.418,0.3345,0.0601648,0.1795,SNLS
139,04D1pg,0.9832,0.1068,9.808,0.1953,0.0334141,0.161,SNLS
140,04D1pu,-1.59673,0.1068,9.314,0.3463,0.079534,0.2395,SNLS
141,04D1rh,0.8304,-0.0555317,9.888,0.2099,0.0247052,0.132,SNLS
142,04D1sa,-0.439753,-0.0612197,10.623,0.2873,0.0344747,0.064,SNLS
143,04D1sk,0.4462,0.090235,10.416,0.3768,0.0542917,0.15,SNLS
144,04D2an,-0.310162,-0.0462824,7.542,0.48,0.0448694,0.574,SNLS
145,04D2fp,0.3868,-0.0487748,10.235,0.1278,0.0269341,0.2175,SNLS
146,04D2gb,-1.58744,0.0261618,10.246,0.1709,0.0333608,0.09,SNLS
147,04D2gp,-1.35267,-0.140459,8.834,0.4109,0.0815826,0.23,SNLS
148,04D2ja,0.3577,-0.201721,10.991,0.3991,0.0689044,0.0945,SNLS
149,04D2mc,-1.78958,0.083956,10.96,0.1159,0.0291041,0.118,SNLS
150,04D2mj,1.5099,0.1616,9.548,0.2241,0.0332682,0.123,SNLS
151,04D3cy,-0.195348,-0.0320971,9.98,0.2032,0.0620119,0.212,SNLS
153,04D3ez,-1.08975,0.0316364,10.29,0.0826805,0.0242523,0.012,SNLS
154,04D3fq,-0.402129,-0.0384088,9.299,0.3544,0.0645964,0.0455,SNLS
156,04D3kr,1.2316,-0.0186475,9.287,0.0824233,0.0218751,0.0665,SNLS
157,04D3lp,-1.33516,0.0200229,8.895,0.5556,0.0413813,0.125,SNLS
158,04D3mk,-0.269097,-0.140197,9.719,0.2825,0.0517945,0.349,SNLS
159,04D3nc,1.1931,-0.0800147,9.127,0.4517,0.0333843,0.0765,SNLS
161,04D3oe,-1.02836,-0.242416,7.492,0.2465,0.0569974,54.194,SNLS
162,04D4bk,1.7364,-0.105507,7.844,0.4285,0.0539054,1.086,SNLS
163,04D4dm,-0.279611,0.00263708,8.977,0.3127,0.0627945,0.1235,SNLS
164,04D4fx,0.9545,0.000902981,8.305,0.1962,0.0346894,0.6555,SNLS
165,04D4hf,0.7952,0.0372325,8.528,0.6568,0.0758696,1.2765,SNLS
166,04D4ib,0.9648,-0.131828,10.994,0.2161,0.0513915,0.118,SNLS
167,04D4id,0.6877,-0.171668,10.324,0.445,0.0598998,0.196,SNLS
168,04D4ii,1.3427,0.00651045,10.931,0.4155,0.0584414,0.149,SNLS
169,04D4in,1.5262,-0.0682901,9.101,0.1469,0.0278228,0.1015,SNLS
170,04D4ju,0.4492,0.1528,9.239,0.224,0.0329891,0.177,SNLS
171,04D4jy,0.1181,-0.107435,8.357,0.4567,0.0676266,1.803,SNLS
172,05D1cb,-0.302469,0.0133414,10.111,0.2086,0.0409384,0.0795,SNLS
173,05D1ck,-0.0919062,0.1034,9.724,0.232,0.0368239,0.172,SNLS
174,05D1dn,1.228,-0.018431,10.234,0.2228,0.0330945,0.047,SNLS
175,05D1ee,-0.60019,-0.000901322,10.973,0.184,0.0333509,0.0875,SNLS
176,05D1eo,-1.49451,-0.0509891,11.125,0.3251,0.0625149,0.177,SNLS
177,05D1hk,1.3608,-0.0173884,8.93,0.1139,0.0254767,0.147,SNLS
179,05D1iz,1.1195,-0.128996,8.911,0.5273,0.0725646,0.772,SNLS
180,05D1kl,0.6486,0.1354,8.425,0.2965,0.0390069,0.2825,SNLS
181,05D2ac,1.12,-0.0503971,11.153,0.1109,0.0248976,0.0585,SNLS
182,05D2ay,-0.481984,0.0434851,10.277,0.5909,0.0845232,0.1285,SNLS
183,05D2bv,-0.00288544,-0.101899,8.838,0.1231,0.0239876,0.111,SNLS
184,05D2by,1.3877,-0.0229874,9.413,0.4801,0.0588692,0.08,SNLS
185,05D2ci,-0.959248,0.0585065,10.977,0.239,0.0496603,0.159,SNLS
186,05D2ct,0.358,0.0960962,9.761,0.4709,0.0686352,0.0685,SNLS
187,05D2dw,1.1453,-0.0116022,8.815,0.163,0.0242815,0.196,SNLS
188,05D2eb,0.8956,-0.0515993,8.676,0.2845,0.0304566,0.3275,SNLS
189,05D2fq,0.8347,-0.0708925,10.875,0.297,0.0572373,0.1345,SNLS
190,05D2he,0.1455,0.0635486,9.418,0.3716,0.0386802,0.185,SNLS
191,05D2le,0.494,-0.0105417,8.033,0.3065,0.0499016,0.69,SNLS
192,05D2my,1.2345,-0.0315432,10.595,0.4738,0.0538129,0.1235,SNLS
193,05D2nt,1.5152,-0.00312784,9.054,0.3099,0.0504295,0.355,SNLS
194,05D3ax,0.5993,-0.0633743,8.442,0.4193,0.062602,0.39,SNLS
195,05D3ci,2.0712,0.1689,10.011,0.5717,0.0450048,0.0645,SNLS
196,05D3cx,0.6848,-0.157125,9.839,0.2999,0.0466184,0.189,SNLS
198,05D3gv,-0.834933,-0.0592846,10.726,0.2628,0.060456,0.113,SNLS
199,05D3hh,0.5317,0.00120664,10.4,0.4094,0.0599698,0.1605,SNLS
200,05D3ht,0.8974,-0.154449,9.661,0.382,0.0538172,0.136,SNLS
201,05D3jh,-0.62868,-0.13453,10.815,0.1808,0.0478076,0.1385,SNLS
202,05D3jq,1.5054,0.00549008,8.832,0.2054,0.0262792,0.4195,SNLS
204,05D3kt,-0.440549,0.0650997,9.138,0.1949,0.0468957,0.1745,SNLS
205,05D3la,-0.184778,-0.0983498,9.599,0.303,0.0497783,0.104,SNLS
206,05D3lc,-0.737134,-0.0452075,10.777,0.1065,0.0233229,0.054,SNLS
207,05D3mh,0.6152,0.0575257,10.078,0.4402,0.0515698,0.2765,SNLS
208,05D3mq,-0.701154,-0.00364334,10.723,0.1631,0.0255151,0.0765,SNLS
209,05D4ag,0.523,0.0968269,8.381,0.4791,0.0590526,0.3925,SNLS
210,05D4be,0.9102,-0.147812,9.44,0.1299,0.02633,0.1355,SNLS
211,05D4bi,0.9916,-0.132652,9.109,0.3829,0.0613769,0.218,SNLS
212,05D4bm,0.2498,-0.0617391,9.047,0.069786,0.022613,0.077,SNLS
213,05D4cq,0.6582,-0.127384,10.554,0.2586,0.0549554,0.1595,SNLS
214,05D4cw,-0.825834,-0.126166,10.503,0.1027,0.023799,0.0725,SNLS
215,05D4dw,0.3635,0.0106859,9.994,0.3293,0.0580183,0.1795,SNLS
216,05D4ef,-1.55143,-0.0639715,10.437,0.2045,0.0366618,0.131,SNLS
217,05D4ek,0.2573,0.0729494,10.855,0.177,0.0310485,0.1075,SNLS
218,05D4ff,-0.722252,-0.000689647,10.543,0.1146,0.0251567,0.1785,SNLS
219,05D4fo,-0.702166,-0.0506238,8.381,0.0870649,0.0227064,0.3655,SNLS
220,05D4hn,1.2181,0.0684142,8.467,0.7579,0.0660954,0.157,SNLS
221,06D2ca,1.3178,0.0499711,9.808,0.278,0.013288,0.2895,SNLS
222,06D2cd,0.3061,0.028592,7.908,0.9922,0.0925939,0.4595,SNLS
223,06D2ck,0.0144091,-0.0299566,11.193,0.3754,0.0239505,0.066,SNLS
224,06D2ga,1.2547,-0.0578787,9.051,0.6931,0.069932,0.2885,SNLS
225,06D3bz,-0.794959,-0.104167,10.293,0.4105,0.0658922,0.062,SNLS
226,06D3df,1.1587,-0.0240956,10.46,0.1661,0.0226953,0.032,SNLS
227,06D3dt,0.0704022,0.0915218,9.589,0.0768482,0.0215243,0.069,SNLS
228,06D3el,0.8163,-0.138012,9.554,0.1138,0.0253609,0.0975,SNLS
229,06D3en,-1.09753,-0.151459,7.715,0.3137,0.0577434,0.935,SNLS
230,06D3fp,-0.0718857,0.0485897,9.55,0.0536372,0.021833,0.2595,SNLS
231,06D3gn,-0.526615,0.1126,10.59,0.0962864,0.0252445,0.1125,SNLS
232,06D4ba,0.697,-0.0949637,8.544,0.4187,0.0672193,0.424,SNLS
233,06D4bw,0.6811,0.0171429,9.276,0.2593,0.0605961,0.1495,SNLS
234,06D4cl,1.1914,-0.0799924,9.333,0.3753,0.012325,0.4615,SNLS
235,06D4cq,0.4312,-0.0358098,9.107,0.0944513,0.0220105,0.088,SNLS
